CustomerID,Age,Gender,MonthlySpend,SubscriptionLength,IsActive,LastLogin,Churned
C0001,56,Male,93.82,47,True,342,No
C0002,46,Male,22.43,43,True,248,No
C0003,32,Male,42.82,44,False,211,Yes
C0004,60,Male,54.64,9,True,152,No
C0005,25,Female,44.55,13,False,157,Yes
C0006,38,Female,48.5,15,True,361,No
C0007,56,Male,61.54,27,True,138,No
C0008,36,Male,2.17,15,True,220,No
C0009,40,Male,24.66,28,True,272,No
C0010,28,Male,50.89,37,False,153,Yes
C0011,28,Male,41.92,55,True,248,No
C0012,41,Female,52.59,19,True,278,No
C0013,53,Female,54.55,26,True,303,No
C0014,57,Female,7.68,52,True,275,No
C0015,41,Female,75.47,26,True,1,No
C0016,20,Male,40.03,25,False,87,Yes
C0017,39,Male,32.69,26,True,286,No
C0018,19,Male,54.17,26,False,129,Yes
C0019,41,Male,52.14,46,False,77,Yes
C0020,61,Male,73.93,28,True,259,No
C0021,47,Female,55.44,49,True,240,No
C0022,55,Male,73.16,18,False,140,Yes
C0023,19,Female,31.24,32,True,227,No
C0024,38,Female,52.84,53,True,162,No
C0025,50,Female,27.71,3,True,235,No
C0026,29,Female,51.95,2,False,127,Yes
C0027,39,Male,47.71,33,False,199,Yes
C0028,61,Female,46.85,42,False,30,No
C0029,42,Female,47.03,19,True,137,No
C0030,44,Female,64.73,17,True,20,No
C0031,59,Male,17.85,44,True,233,No
C0032,45,Male,32.0,33,True,201,No
C0033,33,Male,49.19,12,True,278,No
C0034,32,Female,26.43,49,False,130,Yes
C0035,64,Female,50.92,56,False,147,Yes
C0036,61,Male,48.98,3,True,28,No
C0037,20,Female,21.92,43,True,360,No
C0038,54,Male,20.94,49,True,307,No
C0039,24,Male,-2.48,55,True,161,No
C0040,38,Female,25.59,26,False,356,Yes
C0041,26,Female,50.29,35,False,339,Yes
C0042,56,Female,53.12,8,True,60,No
C0043,35,Female,54.04,52,True,124,No
C0044,21,Male,34.44,36,True,70,No
C0045,42,Male,49.63,53,True,325,No
C0046,31,Male,57.94,54,True,363,No
C0047,26,Male,24.64,7,True,242,No
C0048,43,Male,52.47,46,True,248,No
C0049,19,Female,63.13,46,False,220,Yes
C0050,37,Male,40.18,36,True,20,No
C0051,45,Male,71.24,16,True,81,No
C0052,64,Male,40.65,24,True,343,No
C0053,24,Female,32.8,54,True,9,No
C0054,61,Female,61.14,1,True,11,No
C0055,25,Female,90.67,49,True,262,No
C0056,64,Female,51.71,25,True,144,No
C0057,52,Male,62.7,10,True,191,No
C0058,31,Male,39.83,54,False,249,Yes
C0059,34,Female,25.17,16,True,113,No
C0060,53,Female,53.33,16,False,25,No
C0061,57,Male,56.49,58,True,270,No
C0062,21,Male,42.84,8,True,32,No
C0063,19,Female,62.62,29,True,61,No
C0064,23,Female,36.92,39,True,228,No
C0065,59,Female,31.96,28,False,302,Yes
C0066,21,Female,71.21,6,False,94,Yes
C0067,46,Male,71.31,16,False,34,No
C0068,35,Male,37.31,20,False,192,Yes
C0069,43,Male,84.38,16,True,75,No
C0070,61,Female,44.26,7,True,248,No
C0071,51,Female,51.7,41,True,82,No
C0072,27,Male,48.31,14,False,24,No
C0073,53,Male,60.48,43,False,56,No
C0074,31,Male,55.43,26,True,31,No
C0075,48,Male,55.16,26,False,318,Yes
C0076,32,Female,29.61,14,True,11,No
C0077,25,Male,16.23,7,True,318,No
C0078,31,Male,72.84,33,True,332,No
C0079,40,Male,39.09,26,True,91,No
C0080,57,Male,49.02,57,False,0,No
C0081,38,Male,56.54,45,True,325,No
C0082,33,Male,82.58,20,True,135,No
C0083,62,Male,53.23,3,True,195,No
C0084,35,Female,42.1,52,True,132,No
C0085,64,Female,39.53,4,True,85,No
C0086,41,Female,49.25,26,True,294,No
C0087,43,Female,31.81,11,True,278,No
C0088,42,Male,50.58,2,True,323,No
C0089,62,Female,48.96,14,True,179,No
C0090,58,Female,82.83,44,False,3,No
C0091,46,Male,48.33,30,True,125,No
C0092,32,Male,11.51,49,True,174,No
C0093,62,Female,103.47,12,True,250,No
C0094,18,Female,69.14,26,True,20,No
C0095,42,Male,91.65,44,True,104,No
C0096,24,Female,26.85,33,False,65,Yes
C0097,26,Male,45.56,13,False,262,Yes
C0098,41,Male,63.49,14,False,48,No
C0099,18,Male,60.73,24,True,15,No
C0100,61,Male,56.14,34,True,144,No
C0101,25,Female,6.01,44,False,339,Yes
C0102,41,Male,15.75,26,True,249,No
C0103,28,Male,80.35,21,True,342,No
C0104,34,Female,83.91,28,False,353,Yes
C0105,25,Male,47.87,48,True,74,No
C0106,52,Female,77.81,36,True,289,No
C0107,52,Female,29.54,40,True,281,No
C0108,50,Female,34.11,2,True,65,No
C0109,22,Male,27.95,42,True,124,No
C0110,59,Female,33.0,9,True,318,No
C0111,56,Female,64.45,23,True,86,No
C0112,58,Male,32.75,15,True,40,No
C0113,45,Female,94.79,13,True,185,No
C0114,24,Female,59.2,23,False,353,Yes
C0115,26,Female,71.69,17,True,334,No
C0116,25,Female,59.8,48,True,265,No
C0117,29,Female,74.29,2,True,270,No
C0118,51,Male,32.64,20,False,41,No
C0119,50,Female,78.94,20,True,92,No
C0120,40,Female,52.82,59,True,184,No
C0121,41,Male,74.19,46,True,214,No
C0122,54,Male,21.21,3,False,16,No
C0123,52,Male,53.61,55,True,264,No
C0124,61,Female,52.9,12,True,113,No
C0125,57,Male,37.62,40,True,291,No
C0126,39,Female,56.26,2,True,291,No
C0127,44,Female,80.79,36,False,47,No
C0128,52,Male,36.08,14,False,306,Yes
C0129,18,Male,69.24,16,True,96,No
C0130,52,Female,27.45,19,False,94,Yes
C0131,54,Male,92.19,34,True,325,No
C0132,64,Female,65.69,44,True,73,No
C0133,31,Male,84.5,46,True,335,No
C0134,20,Male,63.44,6,True,67,No
C0135,18,Male,57.81,13,False,245,Yes
C0136,22,Female,65.86,36,True,76,No
C0137,43,Male,47.27,22,True,207,No
C0138,31,Female,17.64,18,True,253,No
C0139,56,Female,58.95,12,True,220,No
C0140,44,Female,34.89,52,True,261,No
C0141,26,Female,27.97,59,True,330,No
C0142,32,Male,62.73,54,False,343,Yes
C0143,32,Female,44.42,30,True,258,No
C0144,43,Female,70.55,53,True,307,No
C0145,59,Male,34.22,51,False,73,Yes
C0146,30,Female,40.58,40,False,124,Yes
C0147,49,Male,73.01,7,True,187,No
C0148,56,Female,55.6,32,False,253,Yes
C0149,49,Male,20.45,48,True,320,No
C0150,21,Female,55.16,19,True,307,No
C0151,47,Male,79.62,6,True,234,No
C0152,54,Female,40.43,20,False,249,Yes
C0153,40,Female,61.96,27,True,331,No
C0154,56,Male,33.01,53,True,344,No
C0155,62,Male,47.26,43,True,71,No
C0156,32,Male,71.8,37,False,234,Yes
C0157,60,Male,54.38,48,True,323,No
C0158,46,Female,75.79,7,True,155,No
C0159,53,Female,58.51,59,True,114,No
C0160,30,Male,94.37,5,False,312,Yes
C0161,49,Female,18.7,11,False,227,Yes
C0162,24,Male,45.66,15,True,321,No
C0163,39,Male,28.31,3,True,345,No
C0164,45,Female,29.68,58,False,244,Yes
C0165,19,Female,29.86,5,True,305,No
C0166,59,Female,53.35,23,False,13,No
C0167,62,Female,54.53,53,False,15,No
C0168,23,Female,58.55,37,True,41,No
C0169,45,Female,27.54,9,True,109,No
C0170,45,Female,43.52,15,True,277,No
C0171,61,Male,30.71,3,True,323,No
C0172,61,Male,68.72,29,True,18,No
C0173,37,Male,32.59,6,True,65,No
C0174,47,Male,45.73,17,True,166,No
C0175,28,Male,61.21,26,True,72,No
C0176,45,Female,37.69,21,True,309,No
C0177,42,Male,63.88,8,True,111,No
C0178,56,Male,81.92,21,False,273,Yes
C0179,50,Male,53.79,57,True,84,No
C0180,18,Male,68.03,11,False,138,Yes
C0181,44,Male,8.53,38,True,38,No
C0182,30,Male,41.42,8,True,104,No
C0183,58,Male,53.7,42,False,323,Yes
C0184,20,Female,28.94,24,True,280,No
C0185,56,Female,54.15,35,True,122,No
C0186,23,Male,71.2,55,True,217,No
C0187,25,Female,12.41,14,True,60,No
C0188,44,Female,26.22,55,True,99,No
C0189,26,Female,53.7,14,True,306,No
C0190,54,Female,59.21,10,True,353,No
C0191,50,Male,64.76,12,True,203,No
C0192,59,Female,52.22,38,True,257,No
C0193,61,Female,59.23,44,True,4,No
C0194,41,Female,68.07,55,True,196,No
C0195,32,Male,41.71,46,True,179,No
C0196,49,Male,37.83,34,False,341,Yes
C0197,49,Male,46.63,41,True,132,No
C0198,41,Male,53.99,10,True,323,No
C0199,58,Male,36.83,58,True,252,No
C0200,29,Male,42.12,17,False,264,Yes
C0201,56,Male,57.95,17,True,92,No
C0202,19,Female,53.16,3,False,149,Yes
C0203,20,Female,46.29,31,True,137,No
C0204,54,Female,15.18,51,True,207,No
C0205,34,Male,49.93,1,False,124,Yes
C0206,19,Male,30.6,12,True,233,No
C0207,19,Male,69.66,39,True,60,No
C0208,45,Male,43.83,4,False,306,Yes
C0209,40,Male,30.08,42,False,265,Yes
C0210,54,Female,48.77,13,True,133,No
C0211,49,Female,75.41,34,True,317,No
C0212,50,Male,62.62,42,False,112,Yes
C0213,18,Male,54.4,21,True,190,No
C0214,36,Male,23.48,22,False,186,Yes
C0215,19,Male,82.43,57,True,318,No
C0216,61,Female,37.57,4,True,88,No
C0217,43,Male,68.68,18,False,186,Yes
C0218,49,Male,43.49,5,True,306,No
C0219,23,Male,66.75,19,True,131,No
C0220,49,Male,76.14,2,True,359,No
C0221,21,Female,62.96,12,True,122,No
C0222,28,Male,65.12,17,True,47,No
C0223,34,Male,48.03,10,False,287,Yes
C0224,55,Female,41.32,34,True,178,No
C0225,41,Female,52.77,6,True,179,No
C0226,22,Female,43.2,8,False,98,Yes
C0227,51,Male,99.34,51,True,329,No
C0228,23,Male,30.15,11,True,33,No
C0229,39,Female,70.04,57,True,69,No
C0230,28,Female,60.34,12,False,170,Yes
C0231,33,Female,54.6,9,True,271,No
C0232,50,Female,79.6,2,True,58,No
C0233,26,Female,55.97,8,True,180,No
C0234,23,Female,37.3,58,True,18,No
C0235,33,Male,55.83,11,True,225,No
C0236,46,Male,46.34,53,True,94,No
C0237,20,Male,60.07,36,True,296,No
C0238,37,Female,66.26,10,False,80,Yes
C0239,53,Female,32.82,21,True,174,No
C0240,36,Female,73.91,20,True,221,No
C0241,43,Female,44.9,48,True,102,No
C0242,20,Female,58.87,8,True,53,No
C0243,36,Female,62.34,36,True,182,No
C0244,37,Male,57.35,29,True,350,No
C0245,49,Male,47.82,42,True,317,No
C0246,24,Female,40.23,12,False,354,Yes
C0247,58,Male,44.62,14,True,348,No
C0248,50,Female,81.3,48,True,320,No
C0249,57,Male,32.68,54,True,67,No
C0250,56,Female,35.62,50,True,27,No
C0251,35,Female,34.74,21,True,273,No
C0252,57,Male,52.72,22,True,281,No
C0253,18,Male,19.51,21,True,359,No
C0254,28,Female,22.93,44,False,310,Yes
C0255,45,Female,44.78,50,True,118,No
C0256,42,Male,24.24,30,True,133,No
C0257,40,Male,25.87,39,True,128,No
C0258,48,Female,24.39,20,True,7,No
C0259,47,Male,33.07,24,True,50,No
C0260,59,Female,64.62,23,False,340,Yes
C0261,52,Female,69.11,7,True,280,No
C0262,24,Female,88.38,9,False,174,Yes
C0263,33,Female,87.65,1,False,182,Yes
C0264,43,Male,65.73,26,True,191,No
C0265,19,Male,70.55,38,True,248,No
C0266,18,Male,52.62,38,True,234,No
C0267,29,Male,60.4,54,True,82,No
C0268,22,Male,88.87,44,False,92,Yes
C0269,54,Male,57.42,22,True,311,No
C0270,49,Male,73.06,44,False,267,Yes
C0271,26,Female,31.31,10,True,119,No
C0272,58,Male,36.68,55,False,70,Yes
C0273,52,Male,56.24,58,False,16,No
C0274,36,Female,53.0,6,True,252,No
C0275,33,Male,37.6,17,True,121,No
C0276,20,Male,98.15,51,True,9,No
C0277,37,Female,53.45,50,False,286,Yes
C0278,41,Male,41.15,38,False,315,Yes
C0279,50,Male,53.03,24,False,325,Yes
C0280,41,Male,50.51,51,True,272,No
C0281,28,Female,53.76,10,True,305,No
C0282,25,Male,18.13,56,False,292,Yes
C0283,53,Male,75.84,8,True,209,No
C0284,55,Female,76.98,21,False,217,Yes
C0285,57,Male,79.41,56,True,240,No
C0286,37,Female,56.51,6,True,199,No
C0287,52,Female,63.25,21,True,215,No
C0288,42,Male,32.68,57,True,204,No
C0289,52,Female,66.66,39,True,215,No
C0290,42,Female,55.04,24,True,79,No
C0291,46,Male,40.79,33,True,266,No
C0292,35,Female,67.29,59,True,34,No
C0293,63,Female,68.07,18,True,288,No
C0294,35,Male,51.21,56,False,17,No
C0295,19,Male,58.77,28,False,164,Yes
C0296,52,Male,29.37,57,False,12,No
C0297,33,Female,74.86,52,False,201,Yes
C0298,58,Male,32.02,32,True,228,No
C0299,53,Female,35.89,12,True,345,No
C0300,50,Female,51.25,48,True,0,No
C0301,21,Female,72.29,42,False,318,Yes
C0302,50,Female,72.28,27,True,216,No
C0303,31,Female,49.9,10,True,33,No
C0304,38,Female,65.46,46,False,358,Yes
C0305,37,Female,16.22,57,True,265,No
C0306,25,Male,35.61,52,True,127,No
C0307,24,Male,36.02,42,True,211,No
C0308,20,Female,75.04,32,True,262,No
C0309,34,Female,63.09,42,True,311,No
C0310,50,Male,53.69,26,True,79,No
C0311,29,Female,55.63,25,True,164,No
C0312,39,Male,81.37,11,True,251,No
C0313,39,Male,46.6,23,False,11,No
C0314,63,Male,23.72,34,False,303,Yes
C0315,47,Female,71.74,57,True,211,No
C0316,55,Female,53.64,52,False,281,Yes
C0317,55,Male,69.07,40,True,111,No
C0318,62,Male,49.1,23,True,210,No
C0319,25,Male,33.23,29,True,238,No
C0320,44,Male,58.06,31,True,267,No
C0321,44,Male,50.2,7,True,297,No
C0322,51,Female,53.7,40,True,316,No
C0323,38,Male,82.33,33,True,57,No
C0324,47,Female,28.03,21,False,33,No
C0325,50,Male,55.72,2,True,262,No
C0326,45,Female,33.62,18,True,364,No
C0327,64,Female,-1.81,47,True,34,No
C0328,50,Female,49.02,33,True,270,No
C0329,22,Female,50.62,37,True,226,No
C0330,36,Female,62.47,34,True,24,No
C0331,21,Female,45.65,20,True,233,No
C0332,52,Male,20.22,35,False,58,No
C0333,34,Female,33.55,51,True,250,No
C0334,61,Male,76.34,50,False,334,Yes
C0335,45,Female,33.27,54,True,85,No
C0336,47,Female,81.66,18,True,250,No
C0337,46,Male,71.0,46,True,179,No
C0338,63,Female,43.64,24,True,206,No
C0339,23,Male,35.42,8,True,343,No
C0340,52,Male,70.96,30,True,148,No
C0341,58,Male,45.18,44,False,70,Yes
C0342,54,Male,19.09,53,False,120,Yes
C0343,41,Female,61.25,10,True,252,No
C0344,46,Female,58.35,23,True,92,No
C0345,63,Male,72.75,52,True,255,No
C0346,48,Female,56.99,49,True,253,No
C0347,52,Female,39.02,11,False,351,Yes
C0348,50,Male,75.39,2,False,287,Yes
C0349,38,Female,77.34,58,False,308,Yes
C0350,49,Male,54.66,26,True,58,No
C0351,40,Male,51.21,36,True,68,No
C0352,50,Female,23.53,33,True,85,No
C0353,20,Female,37.85,47,False,273,Yes
C0354,35,Female,65.22,13,True,226,No
C0355,42,Male,38.85,40,True,80,No
C0356,59,Male,20.86,25,True,113,No
C0357,48,Female,119.92,4,False,183,Yes
C0358,20,Female,20.73,42,True,279,No
C0359,57,Female,95.14,19,True,321,No
C0360,63,Female,43.85,18,False,317,Yes
C0361,41,Male,48.31,37,False,53,No
C0362,49,Female,36.55,30,True,196,No
C0363,64,Male,65.66,19,True,292,No
C0364,39,Male,21.2,58,False,292,Yes
C0365,40,Female,13.19,23,False,290,Yes
C0366,19,Female,82.2,59,True,179,No
C0367,44,Female,33.92,54,True,221,No
C0368,59,Male,64.92,16,True,273,No
C0369,19,Female,28.29,1,False,243,Yes
C0370,43,Female,64.17,12,True,153,No
C0371,34,Male,83.67,24,True,303,No
C0372,57,Female,39.46,34,True,272,No
C0373,50,Male,11.33,53,False,134,Yes
C0374,26,Female,83.78,57,True,312,No
C0375,60,Male,68.52,8,True,7,No
C0376,56,Female,40.53,18,True,127,No
C0377,46,Female,45.64,57,True,55,No
C0378,59,Male,27.79,48,True,125,No
C0379,43,Male,78.41,5,False,158,Yes
C0380,52,Female,39.31,26,True,58,No
C0381,42,Male,21.63,30,False,57,No
C0382,41,Male,54.27,54,True,139,No
C0383,30,Male,32.8,13,True,175,No
C0384,24,Male,29.4,19,True,107,No
C0385,53,Female,41.4,29,True,210,No
C0386,62,Female,51.73,3,True,73,No
C0387,37,Male,22.38,26,False,166,Yes
C0388,18,Male,77.7,40,False,356,Yes
C0389,25,Male,63.54,59,True,303,No
C0390,63,Male,42.69,58,False,232,Yes
C0391,33,Female,31.93,58,True,326,No
C0392,31,Female,48.22,12,False,181,Yes
C0393,29,Male,67.99,2,True,121,No
C0394,40,Male,64.89,11,True,333,No
C0395,32,Male,71.17,44,False,202,Yes
C0396,45,Female,40.39,28,True,28,No
C0397,51,Male,-8.5,18,True,201,No
C0398,19,Female,74.96,13,True,92,No
C0399,49,Male,46.66,37,True,328,No
C0400,40,Female,63.32,22,False,355,Yes
C0401,39,Male,83.38,12,True,175,No
C0402,42,Female,98.69,2,False,329,Yes
C0403,39,Male,37.0,37,True,210,No
C0404,39,Male,52.68,7,True,183,No
C0405,59,Male,77.34,26,False,94,Yes
C0406,23,Female,33.11,26,True,272,No
C0407,32,Male,38.36,24,False,136,Yes
C0408,60,Female,38.24,12,True,236,No
C0409,54,Female,49.44,16,True,352,No
C0410,50,Male,45.6,23,True,264,No
C0411,25,Male,38.12,40,True,134,No
C0412,61,Male,30.68,9,True,143,No
C0413,61,Female,66.24,32,False,18,No
C0414,22,Male,76.76,15,True,230,No
C0415,56,Female,79.65,37,True,133,No
C0416,21,Female,40.38,13,True,113,No
C0417,23,Male,67.07,5,True,138,No
C0418,62,Male,54.73,11,True,124,No
C0419,49,Male,38.59,10,False,203,Yes
C0420,47,Male,64.68,52,False,60,No
C0421,64,Male,37.67,13,False,249,Yes
C0422,52,Male,42.48,41,False,297,Yes
C0423,57,Female,22.47,53,True,12,No
C0424,33,Female,40.72,46,False,254,Yes
C0425,30,Female,55.08,50,True,84,No
C0426,59,Male,81.38,15,True,19,No
C0427,47,Female,42.93,42,True,49,No
C0428,36,Female,29.24,56,True,163,No
C0429,34,Female,79.95,7,False,91,Yes
C0430,36,Female,39.91,40,True,87,No
C0431,45,Female,15.03,28,False,68,Yes
C0432,43,Male,52.66,32,True,36,No
C0433,54,Male,43.5,35,True,252,No
C0434,43,Female,96.01,15,False,251,Yes
C0435,40,Female,59.51,48,True,139,No
C0436,26,Female,47.07,36,True,354,No
C0437,29,Male,31.51,21,True,167,No
C0438,18,Male,56.6,6,True,53,No
C0439,18,Female,79.13,1,True,177,No
C0440,64,Male,56.24,4,True,296,No
C0441,51,Male,33.05,11,False,300,Yes
C0442,49,Female,60.78,44,False,358,Yes
C0443,42,Male,49.03,26,False,105,Yes
C0444,57,Male,58.97,37,False,136,Yes
C0445,62,Female,42.9,23,True,189,No
C0446,18,Male,42.43,29,True,127,No
C0447,33,Male,41.64,21,True,341,No
C0448,56,Female,68.84,48,True,46,No
C0449,22,Male,42.64,45,False,4,No
C0450,39,Male,40.81,45,True,256,No
C0451,46,Female,31.16,49,True,299,No
C0452,20,Female,59.08,27,True,149,No
C0453,29,Female,56.23,39,True,293,No
C0454,43,Male,41.02,40,True,242,No
C0455,33,Female,35.81,13,True,274,No
C0456,54,Male,87.52,23,True,207,No
C0457,39,Female,12.39,59,True,114,No
C0458,46,Male,59.86,16,True,194,No
C0459,31,Female,75.83,30,True,342,No
C0460,45,Female,-17.74,4,False,169,Yes
C0461,22,Female,65.88,40,True,81,No
C0462,64,Female,45.59,16,True,153,No
C0463,47,Male,55.12,31,False,140,Yes
C0464,63,Female,43.54,53,True,313,No
C0465,22,Female,71.51,42,False,145,Yes
C0466,29,Male,57.26,25,False,322,Yes
C0467,33,Female,52.63,44,True,121,No
C0468,43,Male,32.02,12,False,251,Yes
C0469,43,Female,87.65,26,False,342,Yes
C0470,38,Female,50.2,37,True,310,No
C0471,56,Female,95.8,48,True,88,No
C0472,53,Male,88.55,33,False,57,No
C0473,50,Female,14.43,28,False,62,Yes
C0474,47,Female,36.9,9,True,346,No
C0475,54,Female,29.26,12,True,307,No
C0476,40,Male,49.04,5,False,279,Yes
C0477,27,Male,53.74,54,True,71,No
C0478,22,Female,54.6,52,True,8,No
C0479,53,Male,71.08,54,False,93,Yes
C0480,51,Female,79.87,28,True,338,No
C0481,48,Female,69.35,56,True,335,No
C0482,27,Female,38.78,35,False,151,Yes
C0483,36,Female,34.36,5,False,355,Yes
C0484,49,Female,50.06,34,True,39,No
C0485,18,Female,58.52,46,True,358,No
C0486,22,Female,46.34,34,True,61,No
C0487,62,Male,23.09,13,False,253,Yes
C0488,21,Male,63.64,39,True,68,No
C0489,33,Male,42.15,42,True,244,No
C0490,41,Male,41.55,45,True,364,No
C0491,33,Male,48.91,48,False,169,Yes
C0492,19,Male,45.2,58,True,177,No
C0493,45,Male,42.67,14,True,188,No
C0494,49,Female,24.4,11,True,259,No
C0495,44,Female,47.76,42,False,71,Yes
C0496,37,Female,64.06,38,True,16,No
C0497,41,Female,55.29,4,True,340,No
C0498,29,Male,68.96,53,True,56,No
C0499,52,Male,35.43,33,False,217,Yes
C0500,50,Female,24.44,7,True,106,No
C0501,50,Female,45.08,56,True,303,No
C0502,60,Male,37.72,41,True,172,No
C0503,54,Female,39.79,8,False,218,Yes
C0504,29,Female,54.23,37,True,246,No
C0505,20,Female,39.94,51,False,217,Yes
C0506,18,Female,25.0,10,False,30,No
C0507,50,Male,38.82,43,True,46,No
C0508,57,Female,56.8,57,True,133,No
C0509,27,Female,63.43,15,True,107,No
C0510,60,Male,63.23,38,True,71,No
C0511,61,Male,58.49,15,True,326,No
C0512,46,Female,46.64,5,True,107,No
C0513,30,Male,58.1,29,False,308,Yes
C0514,29,Female,49.15,19,True,271,No
C0515,48,Female,52.26,54,False,170,Yes
C0516,63,Male,31.21,51,True,115,No
C0517,19,Female,50.88,10,True,328,No
C0518,52,Female,57.57,12,False,73,Yes
C0519,40,Female,56.82,54,True,255,No
C0520,34,Female,24.25,4,False,80,Yes
C0521,43,Male,51.93,31,True,267,No
C0522,25,Male,21.12,18,True,127,No
C0523,46,Female,53.47,16,False,325,Yes
C0524,43,Male,35.97,40,True,234,No
C0525,27,Female,84.11,36,True,40,No
C0526,43,Female,52.38,25,False,180,Yes
C0527,51,Female,66.02,23,True,156,No
C0528,58,Female,92.22,12,False,58,No
C0529,24,Female,33.65,34,False,344,Yes
C0530,21,Male,58.71,36,False,248,Yes
C0531,62,Female,26.28,37,True,191,No
C0532,28,Male,56.9,3,True,23,No
C0533,46,Male,85.31,9,False,79,Yes
C0534,53,Female,37.44,53,True,133,No
C0535,42,Female,32.28,18,True,212,No
C0536,38,Female,48.18,43,True,347,No
C0537,53,Female,90.92,35,True,165,No
C0538,27,Female,65.42,57,False,347,Yes
C0539,54,Male,31.9,55,False,336,Yes
C0540,26,Female,79.1,34,True,70,No
C0541,41,Female,16.9,41,True,213,No
C0542,52,Male,92.73,14,False,64,Yes
C0543,52,Male,67.13,4,True,220,No
C0544,53,Female,85.27,29,False,307,Yes
C0545,35,Male,17.04,41,True,285,No
C0546,56,Female,53.39,45,True,184,No
C0547,49,Male,47.32,50,True,206,No
C0548,41,Male,29.86,15,False,98,Yes
C0549,40,Female,24.08,28,True,241,No
C0550,49,Male,60.14,42,True,157,No
C0551,54,Male,61.95,16,True,97,No
C0552,29,Male,76.0,12,False,41,No
C0553,30,Male,39.93,52,False,138,Yes
C0554,40,Male,47.17,5,True,282,No
C0555,42,Male,22.35,34,True,226,No
C0556,52,Female,80.82,42,True,71,No
C0557,58,Female,51.39,1,True,242,No
C0558,47,Male,64.45,39,True,17,No
C0559,34,Female,65.16,32,True,76,No
C0560,37,Female,79.18,26,True,44,No
C0561,42,Female,33.37,17,True,342,No
C0562,39,Male,63.95,48,True,139,No
C0563,30,Female,49.5,59,False,176,Yes
C0564,36,Male,92.11,27,True,221,No
C0565,53,Female,33.31,24,True,91,No
C0566,29,Male,73.43,35,True,21,No
C0567,58,Male,57.01,46,True,171,No
C0568,36,Female,55.96,42,True,91,No
C0569,29,Female,51.08,54,False,191,Yes
C0570,26,Male,76.93,39,True,76,No
C0571,24,Female,55.28,26,True,280,No
C0572,45,Female,19.51,49,True,363,No
C0573,31,Female,74.39,38,False,178,Yes
C0574,48,Male,70.72,23,True,237,No
C0575,36,Male,61.74,22,True,134,No
C0576,64,Female,27.43,4,True,364,No
C0577,33,Female,30.54,49,True,279,No
C0578,22,Female,12.45,59,False,18,No
C0579,52,Male,59.21,9,False,82,Yes
C0580,29,Male,23.01,4,True,227,No
C0581,42,Female,15.62,7,True,264,No
C0582,38,Female,75.5,23,False,111,Yes
C0583,53,Female,65.36,2,True,250,No
C0584,40,Female,43.34,49,True,163,No
C0585,33,Female,47.32,24,False,357,Yes
C0586,56,Female,1.85,40,False,167,Yes
C0587,62,Male,68.33,55,True,220,No
C0588,59,Female,36.15,31,True,303,No
C0589,56,Male,56.61,47,True,190,No
C0590,31,Female,0.23,31,False,324,Yes
C0591,48,Female,69.55,47,True,169,No
C0592,22,Male,34.94,40,True,44,No
C0593,52,Male,22.48,48,True,13,No
C0594,40,Male,43.21,51,True,230,No
C0595,46,Male,38.07,43,True,156,No
C0596,60,Female,71.49,34,True,133,No
C0597,28,Male,41.59,55,True,36,No
C0598,35,Female,77.25,24,True,52,No
C0599,64,Male,56.6,49,False,17,No
C0600,29,Female,67.89,26,True,37,No
C0601,26,Female,49.96,16,False,186,Yes
C0602,27,Female,75.44,57,False,195,Yes
C0603,61,Female,26.93,47,True,242,No
C0604,34,Female,52.27,13,True,299,No
C0605,55,Female,42.07,15,False,302,Yes
C0606,24,Male,77.93,27,True,34,No
C0607,63,Female,79.98,4,True,214,No
C0608,30,Male,50.01,16,True,218,No
C0609,57,Male,24.17,30,True,315,No
C0610,59,Female,58.54,44,False,89,Yes
C0611,26,Male,16.71,30,False,307,Yes
C0612,44,Female,82.52,36,False,251,Yes
C0613,19,Male,40.54,3,True,7,No
C0614,22,Female,49.39,22,True,255,No
C0615,46,Male,36.38,49,True,362,No
C0616,54,Female,31.96,22,True,207,No
C0617,55,Female,64.75,50,True,130,No
C0618,36,Female,46.83,57,True,223,No
C0619,25,Female,50.85,50,True,196,No
C0620,62,Male,29.92,55,True,141,No
C0621,18,Female,67.12,49,True,251,No
C0622,39,Male,69.16,12,True,95,No
C0623,34,Male,45.82,55,True,25,No
C0624,24,Male,75.36,21,True,110,No
C0625,42,Female,47.92,56,True,122,No
C0626,62,Male,65.6,4,False,185,Yes
C0627,21,Male,17.54,31,False,167,Yes
C0628,53,Male,57.07,44,False,50,No
C0629,23,Female,44.57,31,True,4,No
C0630,48,Female,53.11,58,True,76,No
C0631,36,Male,52.21,23,True,159,No
C0632,61,Female,52.51,54,False,207,Yes
C0633,56,Female,62.31,53,True,256,No
C0634,44,Male,38.7,20,False,204,Yes
C0635,27,Male,61.38,15,True,254,No
C0636,43,Female,74.65,23,False,10,No
C0637,36,Male,21.8,28,False,7,No
C0638,56,Female,34.39,16,True,31,No
C0639,20,Female,35.23,37,True,27,No
C0640,62,Female,28.16,21,True,205,No
C0641,30,Female,40.51,15,True,227,No
C0642,45,Female,70.66,17,True,127,No
C0643,37,Female,78.95,50,True,254,No
C0644,45,Male,52.12,37,True,211,No
C0645,25,Male,43.52,13,True,238,No
C0646,58,Female,66.06,19,True,206,No
C0647,56,Female,2.72,30,True,317,No
C0648,18,Female,28.9,45,True,282,No
C0649,20,Male,3.57,18,True,244,No
C0650,30,Female,28.69,14,False,44,No
C0651,45,Male,34.66,36,True,104,No
C0652,42,Female,79.55,36,False,347,Yes
C0653,50,Female,-5.22,20,True,280,No
C0654,55,Male,41.67,52,True,233,No
C0655,23,Male,62.39,19,True,188,No
C0656,61,Female,58.21,45,True,43,No
C0657,62,Female,79.23,44,True,224,No
C0658,49,Female,53.22,7,True,141,No
C0659,62,Male,57.49,57,True,135,No
C0660,64,Male,13.23,44,True,175,No
C0661,38,Male,30.23,53,True,141,No
C0662,33,Male,14.35,4,False,79,Yes
C0663,38,Male,61.45,59,True,81,No
C0664,28,Male,56.97,34,True,134,No
C0665,54,Female,56.27,2,False,206,Yes
C0666,53,Female,32.37,5,True,343,No
C0667,52,Male,30.54,55,False,176,Yes
C0668,36,Female,54.19,10,True,242,No
C0669,37,Female,36.61,32,True,54,No
C0670,35,Male,29.59,42,False,140,Yes
C0671,64,Female,39.83,41,True,55,No
C0672,58,Male,36.79,13,False,14,No
C0673,31,Male,32.67,39,True,184,No
C0674,32,Female,25.48,5,True,313,No
C0675,48,Male,58.97,58,False,87,Yes
C0676,18,Male,81.12,10,True,96,No
C0677,20,Male,49.22,10,False,143,Yes
C0678,33,Male,54.45,38,True,7,No
C0679,40,Male,60.73,27,True,214,No
C0680,28,Male,57.33,51,True,172,No
C0681,29,Male,33.06,21,False,222,Yes
C0682,27,Male,84.4,8,True,39,No
C0683,49,Female,34.85,1,True,181,No
C0684,33,Female,62.96,28,False,269,Yes
C0685,25,Female,60.6,49,False,186,Yes
C0686,55,Male,10.83,39,True,244,No
C0687,29,Male,42.82,14,True,308,No
C0688,41,Female,51.13,21,True,230,No
C0689,45,Female,52.66,30,True,154,No
C0690,25,Female,56.03,21,True,174,No
C0691,45,Male,65.15,49,True,335,No
C0692,53,Female,49.85,9,True,114,No
C0693,43,Female,57.09,17,False,310,Yes
C0694,25,Male,49.1,5,False,299,Yes
C0695,45,Female,29.65,58,True,17,No
C0696,45,Male,50.65,57,True,271,No
C0697,54,Male,64.98,31,True,11,No
C0698,58,Male,72.18,52,True,300,No
C0699,53,Female,60.75,40,False,191,Yes
C0700,44,Female,76.69,38,True,231,No
C0701,34,Male,58.38,43,True,92,No
C0702,26,Female,67.28,19,True,217,No
C0703,50,Female,68.75,36,True,277,No
C0704,37,Female,45.53,50,True,352,No
C0705,30,Female,64.52,33,True,302,No
C0706,45,Male,31.19,13,True,28,No
C0707,46,Female,57.0,14,True,300,No
C0708,30,Male,61.54,56,False,76,Yes
C0709,63,Male,71.02,33,False,8,No
C0710,52,Female,66.42,29,True,23,No
C0711,23,Male,71.28,43,True,14,No
C0712,35,Female,48.01,49,True,163,No
C0713,22,Female,43.09,36,True,12,No
C0714,64,Male,44.5,58,True,346,No
C0715,42,Male,55.33,44,True,171,No
C0716,19,Male,13.83,10,True,356,No
C0717,27,Male,76.64,31,True,326,No
C0718,47,Female,50.88,6,True,199,No
C0719,62,Female,41.7,57,True,75,No
C0720,22,Female,-0.59,1,False,163,Yes
C0721,50,Male,49.26,7,True,60,No
C0722,18,Male,46.03,58,True,244,No
C0723,35,Male,32.06,27,True,154,No
C0724,49,Female,36.54,21,False,256,Yes
C0725,64,Male,49.47,28,False,243,Yes
C0726,28,Female,38.24,16,False,161,Yes
C0727,38,Male,61.44,56,True,67,No
C0728,43,Female,35.02,46,True,343,No
C0729,42,Female,53.09,23,False,276,Yes
C0730,39,Male,73.6,52,True,160,No
C0731,44,Male,49.27,20,True,258,No
C0732,30,Female,57.12,38,False,306,Yes
C0733,50,Female,55.85,54,True,334,No
C0734,51,Male,50.16,25,True,94,No
C0735,58,Male,48.66,28,True,245,No
C0736,52,Female,38.57,5,True,220,No
C0737,18,Male,53.02,56,True,122,No
C0738,38,Female,44.33,21,True,186,No
C0739,23,Female,80.92,18,False,261,Yes
C0740,45,Male,66.22,47,True,272,No
C0741,34,Male,20.94,6,False,59,No
C0742,22,Male,22.06,57,True,124,No
C0743,48,Male,47.39,29,True,336,No
C0744,22,Male,42.09,19,False,340,Yes
C0745,55,Female,46.34,33,False,50,No
C0746,20,Female,63.02,1,True,177,No
C0747,40,Male,56.31,45,False,138,Yes
C0748,54,Male,56.11,3,False,326,Yes
C0749,54,Male,78.92,42,False,169,Yes
C0750,27,Female,22.22,21,True,38,No
C0751,27,Male,52.08,35,False,68,Yes
C0752,36,Male,38.42,41,False,235,Yes
C0753,34,Female,78.71,40,False,47,No
C0754,38,Female,5.81,3,True,56,No
C0755,31,Male,6.69,25,True,276,No
C0756,26,Male,56.09,45,True,337,No
C0757,63,Male,72.53,38,True,98,No
C0758,18,Female,65.47,45,False,14,No
C0759,62,Male,33.98,55,True,324,No
C0760,30,Male,80.13,20,True,178,No
C0761,21,Male,25.37,52,False,331,Yes
C0762,18,Female,76.15,44,True,61,No
C0763,57,Female,28.02,45,True,118,No
C0764,49,Male,42.96,34,True,36,No
C0765,51,Male,62.79,21,True,133,No
C0766,45,Female,20.68,56,True,25,No
C0767,48,Female,79.38,55,False,7,No
C0768,25,Female,42.84,48,True,3,No
C0769,56,Female,52.75,23,True,20,No
C0770,43,Female,73.24,6,True,148,No
C0771,51,Female,34.14,51,True,24,No
C0772,20,Female,71.22,53,True,142,No
C0773,29,Female,82.81,13,True,244,No
C0774,18,Female,36.89,49,True,42,No
C0775,61,Male,77.39,23,False,292,Yes
C0776,22,Male,14.79,9,True,184,No
C0777,47,Male,57.79,17,True,41,No
C0778,47,Female,25.43,2,False,91,Yes
C0779,34,Male,68.85,19,True,316,No
C0780,64,Female,67.21,19,True,323,No
C0781,40,Female,91.55,56,True,52,No
C0782,32,Male,78.43,7,True,83,No
C0783,54,Female,46.68,54,True,33,No
C0784,38,Male,28.37,42,True,75,No
C0785,31,Male,61.31,42,True,352,No
C0786,19,Male,48.79,59,True,196,No
C0787,28,Female,81.02,20,True,285,No
C0788,56,Male,6.67,9,True,87,No
C0789,55,Female,93.76,17,False,234,Yes
C0790,51,Male,60.64,27,False,231,Yes
C0791,55,Male,33.74,47,False,6,No
C0792,51,Male,64.68,2,True,291,No
C0793,35,Female,75.95,36,True,37,No
C0794,47,Female,52.29,19,True,51,No
C0795,32,Female,14.7,17,True,142,No
C0796,44,Male,44.12,5,True,220,No
C0797,51,Male,70.79,39,True,239,No
C0798,55,Female,59.93,18,True,142,No
C0799,50,Female,46.87,53,True,348,No
C0800,41,Female,76.17,54,False,362,Yes
C0801,32,Female,64.79,59,True,48,No
C0802,47,Female,66.33,7,True,276,No
C0803,59,Female,41.79,17,True,270,No
C0804,34,Male,39.85,39,True,13,No
C0805,22,Female,16.0,36,True,297,No
C0806,46,Male,44.81,40,True,14,No
C0807,21,Male,68.71,45,True,233,No
C0808,27,Female,45.92,4,False,62,Yes
C0809,34,Female,58.91,38,False,195,Yes
C0810,27,Male,72.22,25,False,26,No
C0811,34,Female,57.46,5,False,92,Yes
C0812,37,Female,59.41,30,True,104,No
C0813,41,Male,22.84,12,True,308,No
C0814,22,Male,43.55,4,True,51,No
C0815,51,Male,84.53,24,True,318,No
C0816,23,Female,52.08,29,True,180,No
C0817,19,Male,87.93,9,False,56,No
C0818,30,Female,35.54,4,True,119,No
C0819,60,Male,54.68,51,True,307,No
C0820,60,Male,42.35,24,True,362,No
C0821,28,Male,61.84,14,False,42,No
C0822,64,Female,67.9,5,True,134,No
C0823,40,Female,62.05,18,False,259,Yes
C0824,33,Male,70.84,42,False,196,Yes
C0825,48,Male,49.74,57,False,132,Yes
C0826,28,Male,46.19,19,False,254,Yes
C0827,33,Female,14.84,12,False,219,Yes
C0828,25,Male,62.77,18,True,335,No
C0829,21,Female,53.44,17,True,40,No
C0830,57,Male,48.64,30,True,254,No
C0831,21,Male,46.18,24,True,1,No
C0832,42,Male,49.26,11,False,194,Yes
C0833,20,Male,45.28,35,True,241,No
C0834,49,Male,39.44,23,False,148,Yes
C0835,20,Male,54.79,17,True,197,No
C0836,44,Female,59.68,1,True,298,No
C0837,46,Male,34.59,15,False,244,Yes
C0838,49,Female,41.99,32,True,337,No
C0839,36,Male,45.91,9,True,107,No
C0840,38,Male,50.1,15,True,211,No
C0841,22,Female,47.44,28,True,155,No
C0842,35,Male,63.19,24,True,25,No
C0843,45,Female,16.95,35,True,81,No
C0844,59,Female,20.5,22,True,82,No
C0845,39,Male,53.87,27,False,130,Yes
C0846,38,Female,37.95,19,False,328,Yes
C0847,23,Female,67.68,45,True,99,No
C0848,18,Male,73.4,12,True,255,No
C0849,22,Female,54.67,20,False,48,No
C0850,58,Male,28.56,1,True,62,No
C0851,29,Male,71.09,21,True,310,No
C0852,43,Male,53.98,49,True,289,No
C0853,63,Male,20.26,45,False,104,Yes
C0854,51,Female,22.03,1,True,104,No
C0855,31,Male,80.34,10,True,324,No
C0856,43,Male,77.02,47,True,14,No
C0857,62,Female,-0.34,59,True,174,No
C0858,44,Male,22.84,59,True,258,No
C0859,26,Male,72.82,32,True,210,No
C0860,43,Female,49.63,39,False,258,Yes
C0861,64,Female,64.04,22,False,101,Yes
C0862,39,Female,48.76,18,True,259,No
C0863,64,Female,63.09,48,True,343,No
C0864,47,Female,50.12,46,True,158,No
C0865,60,Female,41.25,32,False,44,No
C0866,34,Female,71.17,27,False,300,Yes
C0867,43,Male,54.04,28,True,250,No
C0868,53,Female,63.05,18,True,330,No
C0869,18,Female,53.15,59,False,164,Yes
C0870,25,Female,40.27,39,True,192,No
C0871,52,Male,82.17,49,True,8,No
C0872,32,Male,57.1,29,True,64,No
C0873,64,Female,42.9,18,True,281,No
C0874,39,Female,75.57,44,True,180,No
C0875,31,Female,23.58,8,False,281,Yes
C0876,43,Male,94.73,54,True,278,No
C0877,45,Male,46.42,31,True,29,No
C0878,40,Female,24.64,34,True,265,No
C0879,31,Male,88.12,7,True,327,No
C0880,41,Female,40.74,36,True,216,No
C0881,19,Male,54.86,18,True,319,No
C0882,62,Male,64.35,38,False,104,Yes
C0883,43,Female,73.68,59,True,183,No
C0884,31,Female,56.0,9,True,329,No
C0885,24,Female,37.05,59,True,147,No
C0886,20,Female,54.38,9,True,104,No
C0887,64,Male,41.61,46,False,46,No
C0888,40,Male,54.98,8,True,86,No
C0889,63,Male,82.56,51,False,308,Yes
C0890,60,Female,65.12,35,True,128,No
C0891,64,Male,54.13,18,False,257,Yes
C0892,62,Female,64.77,5,True,313,No
C0893,35,Male,66.2,14,True,146,No
C0894,55,Female,28.44,28,True,71,No
C0895,52,Female,50.83,30,True,139,No
C0896,32,Male,101.25,4,False,26,No
C0897,42,Female,74.26,39,False,28,No
C0898,54,Female,39.93,20,True,270,No
C0899,45,Male,37.94,25,True,173,No
C0900,27,Female,37.27,28,True,252,No
C0901,56,Female,67.33,12,False,59,No
C0902,34,Female,82.15,2,True,106,No
C0903,56,Male,61.64,43,True,219,No
C0904,39,Male,53.14,14,True,258,No
C0905,43,Female,41.12,22,False,145,Yes
C0906,61,Male,56.59,31,True,51,No
C0907,42,Female,33.6,23,False,59,No
C0908,34,Female,11.28,48,False,33,No
C0909,30,Female,82.74,20,True,95,No
C0910,37,Female,29.88,38,True,88,No
C0911,42,Female,43.5,55,False,315,Yes
C0912,21,Male,63.13,4,True,230,No
C0913,27,Female,78.69,15,False,274,Yes
C0914,20,Male,55.14,24,True,245,No
C0915,58,Male,26.13,25,True,110,No
C0916,62,Female,43.97,1,False,233,Yes
C0917,35,Female,36.43,7,True,277,No
C0918,64,Male,49.24,57,True,165,No
C0919,53,Male,74.64,31,False,127,Yes
C0920,64,Male,-0.75,12,True,236,No
C0921,39,Female,41.77,42,True,290,No
C0922,51,Male,40.32,5,True,106,No
C0923,64,Female,24.86,44,False,127,Yes
C0924,25,Female,61.71,50,False,194,Yes
C0925,57,Female,21.7,42,True,338,No
C0926,61,Male,24.0,38,False,142,Yes
C0927,36,Female,67.02,12,False,110,Yes
C0928,59,Female,80.01,39,True,89,No
C0929,58,Female,48.48,18,True,250,No
C0930,54,Female,25.65,2,True,279,No
C0931,23,Female,35.89,10,True,332,No
C0932,43,Male,70.16,15,False,223,Yes
C0933,51,Female,52.33,30,False,100,Yes
C0934,62,Female,47.98,44,True,131,No
C0935,23,Male,56.26,58,True,12,No
C0936,54,Female,49.25,17,True,97,No
C0937,50,Male,80.91,4,True,119,No
C0938,39,Female,35.02,7,True,292,No
C0939,38,Male,32.72,41,True,303,No
C0940,23,Male,22.33,31,True,198,No
C0941,23,Female,39.2,51,True,0,No
C0942,21,Female,28.16,59,False,59,No
C0943,47,Female,54.36,55,True,249,No
C0944,28,Male,50.42,39,True,139,No
C0945,47,Male,28.42,55,True,148,No
C0946,48,Male,61.78,34,True,43,No
C0947,41,Female,80.34,6,True,185,No
C0948,26,Male,57.16,50,True,107,No
C0949,20,Male,-0.87,38,False,43,No
C0950,48,Female,89.74,45,True,77,No
C0951,57,Male,64.94,58,False,225,Yes
C0952,54,Male,89.13,51,False,161,Yes
C0953,53,Female,71.81,34,False,280,Yes
C0954,41,Male,75.81,44,True,252,No
C0955,48,Female,54.11,15,False,131,Yes
C0956,23,Female,44.75,14,True,143,No
C0957,19,Female,57.47,6,True,265,No
C0958,37,Female,35.82,50,False,108,Yes
C0959,45,Female,58.68,37,True,193,No
C0960,28,Male,-2.54,50,True,34,No
C0961,21,Male,50.86,32,True,274,No
C0962,32,Female,76.89,3,True,186,No
C0963,23,Female,51.89,3,True,242,No
C0964,47,Male,84.55,22,True,263,No
C0965,55,Female,44.73,22,False,9,No
C0966,19,Female,70.05,10,False,165,Yes
C0967,32,Female,32.43,51,False,28,No
C0968,28,Male,69.24,3,True,270,No
C0969,25,Male,54.65,12,True,86,No
C0970,43,Female,45.6,29,False,22,No
C0971,62,Female,-1.48,48,False,209,Yes
C0972,61,Male,44.91,17,True,45,No
C0973,22,Male,54.27,7,True,27,No
C0974,23,Female,66.57,13,True,25,No
C0975,43,Female,81.22,56,True,265,No
C0976,21,Male,90.7,2,True,174,No
C0977,36,Male,74.93,4,False,3,No
C0978,37,Male,38.76,10,True,310,No
C0979,50,Female,43.9,39,True,321,No
C0980,37,Male,64.78,24,True,66,No
C0981,29,Female,60.39,17,True,134,No
C0982,64,Male,82.57,52,True,54,No
C0983,18,Male,99.59,6,True,30,No
C0984,43,Male,95.34,19,True,73,No
C0985,31,Male,79.88,5,False,18,No
C0986,55,Female,60.56,32,True,155,No
C0987,54,Female,76.99,10,True,336,No
C0988,28,Male,83.23,9,True,155,No
C0989,53,Female,47.05,27,False,146,Yes
C0990,30,Male,39.35,13,True,86,No
C0991,60,Male,34.65,19,False,19,No
C0992,20,Male,32.47,21,True,268,No
C0993,50,Male,22.36,24,False,332,Yes
C0994,23,Female,55.0,38,False,42,No
C0995,27,Male,30.0,4,True,305,No
C0996,22,Male,34.33,24,True,27,No
C0997,40,Female,64.03,59,True,259,No
C0998,27,Male,53.63,35,False,21,No
C0999,61,Male,58.59,3,True,100,No
C1000,19,Male,77.3,4,True,38,No
C1001,30,Female,67.29,57,False,289,Yes
C1002,57,Male,80.38,37,False,352,Yes
C1003,19,Female,51.6,40,True,299,No
C1004,37,Male,82.24,48,True,169,No
C1005,18,Male,57.19,54,True,295,No
C1006,54,Female,53.37,35,True,352,No
C1007,26,Male,79.23,31,True,129,No
C1008,34,Male,32.56,56,True,155,No
C1009,26,Female,90.47,44,True,73,No
C1010,28,Female,44.36,25,False,341,Yes
C1011,32,Female,25.64,40,True,89,No
C1012,41,Female,63.07,13,True,66,No
C1013,55,Female,42.45,4,True,235,No
C1014,52,Male,90.52,46,True,199,No
C1015,47,Female,41.34,14,True,331,No
C1016,48,Male,56.29,13,True,226,No
C1017,22,Male,21.49,27,False,347,Yes
C1018,61,Male,66.26,6,True,232,No
C1019,31,Female,34.45,17,True,265,No
C1020,28,Female,63.87,36,False,85,Yes
C1021,26,Male,41.43,40,True,101,No
C1022,51,Female,9.06,49,False,213,Yes
C1023,29,Female,52.62,35,True,107,No
C1024,52,Female,51.73,17,False,164,Yes
C1025,52,Female,67.62,41,True,90,No
C1026,18,Male,81.12,2,False,191,Yes
C1027,57,Male,88.25,57,False,334,Yes
C1028,39,Female,67.28,13,True,85,No
C1029,46,Male,55.57,52,True,221,No
C1030,25,Female,21.45,2,False,362,Yes
C1031,28,Female,54.04,52,True,100,No
C1032,58,Male,54.3,28,True,225,No
C1033,54,Male,46.03,43,True,363,No
C1034,31,Male,62.66,59,False,59,No
C1035,47,Female,72.44,26,True,249,No
C1036,52,Male,33.63,22,True,47,No
C1037,38,Female,33.32,47,True,116,No
C1038,54,Male,47.21,43,False,226,Yes
C1039,22,Male,37.7,55,False,361,Yes
C1040,36,Female,17.17,3,False,32,No
C1041,31,Female,30.07,35,True,43,No
C1042,43,Female,25.35,58,False,164,Yes
C1043,21,Female,74.17,12,True,344,No
C1044,42,Female,84.06,24,True,291,No
C1045,62,Female,28.09,5,True,336,No
C1046,59,Female,60.92,20,True,343,No
C1047,42,Female,67.47,39,False,286,Yes
C1048,35,Male,20.15,39,True,363,No
C1049,57,Female,53.22,13,True,224,No
C1050,25,Female,100.67,41,False,285,Yes
C1051,56,Male,63.54,57,False,203,Yes
C1052,57,Female,45.09,53,True,171,No
C1053,31,Male,38.8,45,True,11,No
C1054,49,Male,9.55,12,False,306,Yes
C1055,55,Female,59.41,13,True,120,No
C1056,50,Male,88.96,56,True,243,No
C1057,40,Female,33.73,10,True,151,No
C1058,32,Male,11.29,33,True,151,No
C1059,50,Male,36.72,57,False,187,Yes
C1060,42,Male,67.63,40,True,12,No
C1061,34,Female,41.43,54,True,90,No
C1062,50,Female,33.59,16,True,199,No
C1063,64,Male,50.38,45,True,73,No
C1064,19,Male,54.59,35,True,255,No
C1065,31,Female,22.23,3,True,275,No
C1066,57,Female,45.65,56,True,327,No
C1067,57,Male,40.05,5,True,328,No
C1068,56,Male,37.18,26,True,70,No
C1069,23,Female,29.66,11,True,77,No
C1070,23,Female,68.83,7,True,283,No
C1071,20,Female,37.11,53,True,129,No
C1072,24,Female,10.1,56,False,42,No
C1073,25,Female,55.29,10,True,7,No
C1074,59,Male,64.5,42,True,12,No
C1075,32,Female,34.08,52,True,212,No
C1076,64,Male,38.81,34,False,110,Yes
C1077,46,Female,37.02,3,True,290,No
C1078,50,Male,43.07,8,False,22,No
C1079,47,Female,72.14,31,True,301,No
C1080,56,Female,47.72,11,False,253,Yes
C1081,44,Male,66.79,45,False,14,No
C1082,53,Male,30.62,7,True,129,No
C1083,46,Female,42.33,45,True,60,No
C1084,55,Female,69.08,2,True,114,No
C1085,50,Female,33.89,6,True,319,No
C1086,54,Female,70.24,41,True,307,No
C1087,44,Female,37.43,32,True,324,No
C1088,50,Male,43.57,20,True,66,No
C1089,21,Male,83.4,57,True,248,No
C1090,39,Female,41.28,34,True,174,No
C1091,19,Male,52.91,50,True,338,No
C1092,27,Male,62.33,16,True,1,No
C1093,22,Male,54.53,25,False,171,Yes
C1094,27,Female,55.1,12,True,333,No
C1095,50,Male,48.87,7,False,283,Yes
C1096,55,Female,23.96,39,True,53,No
C1097,30,Male,56.97,17,True,66,No
C1098,48,Female,35.35,45,True,101,No
C1099,64,Male,65.52,11,True,119,No
C1100,53,Female,77.44,6,False,190,Yes
C1101,62,Female,13.89,23,True,303,No
C1102,41,Male,77.48,27,True,46,No
C1103,32,Female,41.78,46,False,221,Yes
C1104,46,Female,47.38,6,True,20,No
C1105,25,Female,31.75,38,False,157,Yes
C1106,22,Female,53.77,2,False,347,Yes
C1107,46,Female,51.34,22,True,158,No
C1108,64,Female,71.54,20,True,234,No
C1109,21,Female,35.17,25,True,149,No
C1110,29,Female,83.22,15,True,256,No
C1111,62,Male,63.29,49,True,164,No
C1112,19,Male,51.82,29,False,76,Yes
C1113,44,Female,46.38,8,False,84,Yes
C1114,48,Female,43.87,37,True,45,No
C1115,53,Male,45.17,49,True,46,No
C1116,53,Male,53.37,52,True,212,No
C1117,43,Male,45.82,33,True,58,No
C1118,60,Female,37.19,22,False,53,No
C1119,44,Male,53.49,50,True,341,No
C1120,22,Female,33.27,47,True,11,No
C1121,37,Female,56.45,5,True,191,No
C1122,28,Male,45.54,39,False,5,No
C1123,27,Female,63.93,18,True,308,No
C1124,57,Female,69.78,38,False,143,Yes
C1125,55,Female,69.77,54,True,345,No
C1126,23,Female,56.36,53,False,260,Yes
C1127,25,Male,58.7,37,True,72,No
C1128,40,Male,43.54,30,True,173,No
C1129,64,Female,63.55,51,False,231,Yes
C1130,43,Female,65.81,31,True,269,No
C1131,63,Male,18.65,10,True,361,No
C1132,60,Female,57.57,15,True,221,No
C1133,29,Male,77.36,42,False,51,No
C1134,43,Female,42.87,59,False,115,Yes
C1135,30,Female,38.51,48,True,25,No
C1136,57,Male,41.6,44,True,52,No
C1137,35,Male,19.9,18,False,364,Yes
C1138,42,Male,52.52,23,True,28,No
C1139,50,Male,50.6,33,False,18,No
C1140,64,Female,53.94,16,True,302,No
C1141,57,Male,58.32,54,False,278,Yes
C1142,60,Female,34.04,38,False,116,Yes
C1143,29,Male,55.46,35,False,105,Yes
C1144,61,Male,58.86,34,True,308,No
C1145,53,Female,40.23,28,True,226,No
C1146,21,Male,58.4,2,True,351,No
C1147,22,Male,51.61,30,True,185,No
C1148,54,Male,37.38,13,True,260,No
C1149,25,Male,55.66,41,True,15,No
C1150,59,Female,44.19,16,False,272,Yes
C1151,45,Female,63.94,59,True,159,No
C1152,48,Male,45.22,5,True,357,No
C1153,26,Male,24.2,55,True,249,No
C1154,46,Male,55.34,28,True,223,No
C1155,31,Female,54.59,53,True,255,No
C1156,57,Female,28.38,39,True,179,No
C1157,58,Female,65.01,45,False,19,No
C1158,39,Female,63.96,20,True,111,No
C1159,28,Male,32.6,24,True,119,No
C1160,40,Male,36.81,27,True,193,No
C1161,18,Male,47.16,30,False,110,Yes
C1162,63,Female,34.82,58,True,209,No
C1163,54,Male,62.81,45,False,0,No
C1164,38,Female,52.98,27,True,57,No
C1165,43,Female,28.13,26,False,92,Yes
C1166,63,Male,33.55,7,True,220,No
C1167,53,Male,73.75,42,True,210,No
C1168,40,Male,80.71,47,True,231,No
C1169,18,Female,60.77,53,True,261,No
C1170,57,Female,45.77,59,True,363,No
C1171,32,Male,41.2,38,False,102,Yes
C1172,38,Male,60.99,5,True,49,No
C1173,64,Female,51.52,23,False,109,Yes
C1174,26,Male,17.8,28,False,87,Yes
C1175,26,Female,70.64,34,True,19,No
C1176,27,Female,76.92,53,False,13,No
C1177,43,Male,64.75,15,True,132,No
C1178,58,Male,28.17,32,True,295,No
C1179,52,Male,37.26,26,False,33,No
C1180,42,Male,12.85,48,True,207,No
C1181,43,Female,81.92,31,True,300,No
C1182,28,Female,42.87,19,True,198,No
C1183,55,Female,96.67,9,True,79,No
C1184,19,Male,89.1,29,False,70,Yes
C1185,24,Female,31.93,54,True,154,No
C1186,35,Male,35.83,58,True,77,No
C1187,44,Male,59.32,51,True,77,No
C1188,51,Male,14.91,39,True,171,No
C1189,44,Male,41.23,4,True,288,No
C1190,34,Male,39.24,3,True,32,No
C1191,60,Male,87.02,56,True,299,No
C1192,61,Female,53.22,29,True,275,No
C1193,41,Male,44.3,52,False,6,No
C1194,42,Female,37.37,11,True,159,No
C1195,24,Female,67.88,33,False,239,Yes
C1196,23,Male,40.07,38,False,23,No
C1197,41,Male,48.99,58,False,213,Yes
C1198,50,Male,37.22,11,False,69,Yes
C1199,46,Female,19.65,27,True,215,No
C1200,60,Male,30.08,33,True,103,No
C1201,39,Female,39.96,21,True,214,No
C1202,43,Male,44.73,39,True,53,No
C1203,45,Male,45.61,31,False,293,Yes
C1204,38,Female,48.22,38,True,329,No
C1205,24,Female,40.23,46,False,335,Yes
C1206,34,Male,76.98,2,True,202,No
C1207,37,Female,68.96,27,False,287,Yes
C1208,58,Female,47.3,36,True,44,No
C1209,37,Female,55.09,11,True,316,No
C1210,39,Female,42.56,47,True,197,No
C1211,45,Female,-6.87,18,False,215,Yes
C1212,57,Male,50.41,59,True,308,No
C1213,24,Male,56.11,1,False,331,Yes
C1214,18,Female,17.75,35,False,183,Yes
C1215,49,Male,59.99,35,False,26,No
C1216,30,Male,44.39,31,True,165,No
C1217,47,Female,56.76,28,False,317,Yes
C1218,40,Male,44.99,39,False,273,Yes
C1219,36,Female,75.02,1,True,364,No
C1220,49,Female,54.52,25,True,102,No
C1221,47,Male,70.05,43,True,332,No
C1222,46,Female,71.69,38,True,103,No
C1223,62,Female,27.61,20,True,244,No
C1224,46,Female,35.22,3,False,304,Yes
C1225,47,Female,59.03,51,True,168,No
C1226,33,Female,42.69,2,True,115,No
C1227,57,Male,45.23,18,False,140,Yes
C1228,36,Male,75.73,44,True,355,No
C1229,35,Female,43.79,10,False,124,Yes
C1230,18,Female,30.62,5,True,24,No
C1231,31,Male,33.32,9,True,193,No
C1232,64,Female,93.65,2,True,99,No
C1233,19,Male,46.44,34,True,4,No
C1234,45,Female,22.72,38,True,18,No
C1235,47,Female,14.61,31,False,169,Yes
C1236,55,Female,37.51,10,True,273,No
C1237,21,Female,46.07,50,False,253,Yes
C1238,18,Female,68.98,12,True,120,No
C1239,25,Female,67.05,36,True,31,No
C1240,46,Female,49.87,54,True,148,No
C1241,56,Male,40.92,21,True,265,No
C1242,20,Male,56.79,49,False,36,No
C1243,49,Male,15.03,47,False,176,Yes
C1244,27,Female,89.62,6,False,341,Yes
C1245,27,Female,63.08,48,True,12,No
C1246,36,Female,67.34,49,True,182,No
C1247,63,Female,28.52,3,True,144,No
C1248,51,Female,75.65,10,False,264,Yes
C1249,50,Female,40.8,5,True,87,No
C1250,40,Female,30.95,46,True,45,No
C1251,45,Male,49.22,26,True,118,No
C1252,49,Female,48.75,21,True,18,No
C1253,24,Male,28.43,45,True,219,No
C1254,46,Male,32.1,26,True,232,No
C1255,25,Female,30.54,38,False,93,Yes
C1256,18,Female,30.73,44,False,250,Yes
C1257,20,Male,42.24,26,True,249,No
C1258,41,Male,22.22,8,True,281,No
C1259,40,Female,36.17,5,True,231,No
C1260,25,Female,70.9,15,False,45,No
C1261,64,Male,66.47,59,False,45,No
C1262,54,Female,29.0,16,False,13,No
C1263,20,Female,69.16,1,False,84,Yes
C1264,50,Female,10.67,16,True,318,No
C1265,45,Male,98.58,37,False,327,Yes
C1266,64,Male,76.01,3,True,2,No
C1267,25,Male,38.81,52,True,27,No
C1268,51,Female,57.65,47,False,156,Yes
C1269,52,Female,21.98,31,True,342,No
C1270,49,Male,51.21,13,True,332,No
C1271,41,Male,46.33,56,True,331,No
C1272,31,Male,33.3,16,True,174,No
C1273,49,Female,40.63,55,False,113,Yes
C1274,63,Male,38.66,43,True,330,No
C1275,60,Male,27.37,21,True,249,No
C1276,33,Female,32.84,2,True,58,No
C1277,21,Female,21.16,54,True,202,No
C1278,54,Female,67.15,27,True,314,No
C1279,38,Male,31.36,38,True,238,No
C1280,31,Female,25.56,26,True,233,No
C1281,48,Female,66.83,58,False,302,Yes
C1282,35,Male,57.39,59,False,94,Yes
C1283,24,Female,66.09,38,True,140,No
C1284,27,Male,68.32,46,True,333,No
C1285,24,Male,88.75,25,True,112,No
C1286,50,Female,46.88,11,False,108,Yes
C1287,40,Female,20.85,8,True,361,No
C1288,38,Female,55.42,8,False,344,Yes
C1289,36,Female,36.62,33,False,288,Yes
C1290,36,Female,30.85,53,False,96,Yes
C1291,53,Female,52.0,7,False,334,Yes
C1292,46,Male,67.32,38,True,15,No
C1293,35,Male,33.28,21,True,43,No
C1294,19,Female,75.49,8,False,229,Yes
C1295,18,Male,30.21,51,True,107,No
C1296,64,Female,45.12,54,True,216,No
C1297,22,Male,57.73,21,True,259,No
C1298,37,Male,42.24,56,True,311,No
C1299,28,Male,14.48,20,False,319,Yes
C1300,59,Female,68.55,8,True,195,No
C1301,19,Male,37.53,58,True,94,No
C1302,20,Female,64.9,46,False,55,No
C1303,40,Male,24.72,31,False,31,No
C1304,29,Male,28.13,50,True,230,No
C1305,37,Male,67.25,57,True,8,No
C1306,22,Male,56.81,29,True,190,No
C1307,54,Male,41.23,48,True,360,No
C1308,55,Female,57.1,9,True,199,No
C1309,47,Female,30.92,15,True,333,No
C1310,26,Male,52.21,30,False,160,Yes
C1311,51,Male,52.57,26,True,86,No
C1312,61,Male,42.52,10,True,20,No
C1313,52,Male,33.29,29,True,310,No
C1314,39,Female,51.4,54,True,75,No
C1315,61,Male,48.9,16,False,140,Yes
C1316,41,Female,40.68,36,True,125,No
C1317,34,Male,29.32,20,True,250,No
C1318,27,Female,50.25,45,True,83,No
C1319,47,Male,40.73,54,False,47,No
C1320,63,Male,29.31,37,True,77,No
C1321,40,Female,50.87,22,True,29,No
C1322,49,Male,82.17,7,True,284,No
C1323,34,Male,42.66,23,False,135,Yes
C1324,34,Male,79.96,41,True,139,No
C1325,31,Female,92.29,40,True,40,No
C1326,26,Male,30.93,29,True,281,No
C1327,57,Male,50.18,16,True,49,No
C1328,19,Female,92.07,38,False,257,Yes
C1329,62,Female,47.58,28,False,310,Yes
C1330,42,Female,50.74,48,True,359,No
C1331,56,Male,16.6,38,True,269,No
C1332,26,Male,39.37,31,True,133,No
C1333,39,Male,61.11,14,True,233,No
C1334,60,Female,98.59,53,True,127,No
C1335,63,Male,46.08,33,True,103,No
C1336,21,Male,16.75,57,True,253,No
C1337,43,Female,21.9,9,True,94,No
C1338,46,Female,49.28,57,False,336,Yes
C1339,62,Female,73.54,27,False,216,Yes
C1340,51,Female,62.75,24,False,60,No
C1341,40,Female,59.21,13,True,267,No
C1342,54,Male,76.18,26,False,240,Yes
C1343,28,Female,35.6,29,True,12,No
C1344,23,Male,50.38,51,True,146,No
C1345,35,Male,39.59,49,False,239,Yes
C1346,38,Female,44.57,43,True,88,No
C1347,59,Female,29.87,28,True,94,No
C1348,53,Female,43.12,28,True,314,No
C1349,58,Male,49.45,8,True,292,No
C1350,55,Female,42.57,23,True,24,No
C1351,51,Female,46.78,29,True,271,No
C1352,34,Female,58.1,5,False,165,Yes
C1353,54,Female,74.77,42,True,249,No
C1354,42,Female,76.22,7,True,86,No
C1355,55,Male,65.23,42,True,141,No
C1356,29,Male,24.8,36,True,133,No
C1357,40,Male,42.79,41,False,278,Yes
C1358,59,Female,44.51,27,True,125,No
C1359,39,Female,36.86,58,True,315,No
C1360,38,Female,56.85,46,True,140,No
C1361,44,Male,18.11,2,False,355,Yes
C1362,48,Female,83.87,25,False,102,Yes
C1363,23,Female,73.9,9,True,225,No
C1364,44,Female,59.56,53,True,62,No
C1365,57,Male,48.76,27,True,293,No
C1366,51,Female,74.58,1,True,305,No
C1367,29,Male,63.79,23,True,253,No
C1368,62,Female,72.13,10,False,179,Yes
C1369,24,Male,48.82,42,True,39,No
C1370,27,Male,85.79,52,False,263,Yes
C1371,62,Male,73.34,25,True,188,No
C1372,34,Female,60.19,54,True,7,No
C1373,43,Female,75.12,3,True,103,No
C1374,38,Male,41.62,6,True,224,No
C1375,45,Male,26.65,58,True,33,No
C1376,63,Female,56.43,6,True,235,No
C1377,19,Female,48.86,53,True,227,No
C1378,60,Male,46.05,2,True,187,No
C1379,18,Female,74.33,58,True,312,No
C1380,53,Female,53.34,58,True,21,No
C1381,43,Female,55.27,18,True,342,No
C1382,46,Female,43.46,23,True,39,No
C1383,38,Male,67.62,2,True,172,No
C1384,28,Female,64.04,12,True,178,No
C1385,57,Female,67.47,22,False,85,Yes
C1386,28,Male,40.05,37,False,132,Yes
C1387,53,Male,76.08,20,True,350,No
C1388,56,Female,86.78,39,True,12,No
C1389,57,Female,66.84,24,True,27,No
C1390,52,Female,33.81,48,False,83,Yes
C1391,51,Female,33.96,20,True,317,No
C1392,64,Male,42.49,1,True,348,No
C1393,41,Male,38.71,1,False,342,Yes
C1394,39,Male,48.58,17,True,279,No
C1395,22,Female,62.65,59,True,353,No
C1396,50,Female,55.8,1,True,262,No
C1397,53,Female,54.05,53,True,165,No
C1398,64,Female,45.18,52,False,292,Yes
C1399,37,Male,48.52,45,False,67,Yes
C1400,36,Male,65.93,30,True,225,No
C1401,52,Female,9.76,41,True,169,No
C1402,60,Male,49.77,47,True,85,No
C1403,34,Female,55.76,3,True,132,No
C1404,62,Female,65.67,46,True,177,No
C1405,60,Male,29.8,55,True,342,No
C1406,51,Female,28.74,11,True,251,No
C1407,26,Female,61.68,24,True,14,No
C1408,43,Male,11.91,22,True,222,No
C1409,19,Female,76.64,44,True,200,No
C1410,26,Female,54.53,45,True,106,No
C1411,26,Male,81.17,26,True,249,No
C1412,57,Female,28.26,13,True,88,No
C1413,34,Male,41.27,1,True,124,No
C1414,18,Female,1.84,24,True,112,No
C1415,42,Male,34.09,10,True,136,No
C1416,60,Male,46.32,35,True,246,No
C1417,57,Male,10.75,24,True,165,No
C1418,59,Female,42.11,28,True,149,No
C1419,42,Male,10.25,36,False,362,Yes
C1420,56,Male,44.85,16,True,342,No
C1421,52,Male,72.94,40,True,67,No
C1422,20,Male,49.3,16,True,220,No
C1423,54,Male,83.16,59,True,270,No
C1424,61,Female,65.73,17,True,320,No
C1425,61,Female,76.96,51,True,309,No
C1426,47,Female,34.7,54,True,348,No
C1427,55,Female,34.22,15,True,19,No
C1428,51,Female,56.91,16,True,288,No
C1429,29,Female,18.45,15,True,99,No
C1430,36,Female,59.42,57,False,251,Yes
C1431,54,Male,43.52,34,True,76,No
C1432,61,Female,76.6,11,False,134,Yes
C1433,34,Male,63.59,1,False,172,Yes
C1434,27,Male,71.93,15,True,362,No
C1435,64,Female,34.92,26,True,200,No
C1436,29,Male,70.96,51,True,216,No
C1437,33,Male,78.89,4,False,207,Yes
C1438,41,Male,49.23,43,False,73,Yes
C1439,36,Male,35.21,5,True,10,No
C1440,25,Female,35.56,35,False,286,Yes
C1441,48,Female,74.78,13,True,255,No
C1442,38,Female,103.69,10,True,11,No
C1443,34,Female,30.37,11,False,77,Yes
C1444,40,Female,28.83,18,False,171,Yes
C1445,54,Female,68.43,34,True,95,No
C1446,33,Female,34.92,39,False,305,Yes
C1447,23,Female,70.37,41,False,272,Yes
C1448,25,Female,59.31,42,False,178,Yes
C1449,42,Female,49.52,50,False,63,Yes
C1450,35,Male,58.83,23,False,131,Yes
C1451,42,Female,57.6,7,True,342,No
C1452,29,Male,46.41,59,False,271,Yes
C1453,32,Male,14.87,39,True,318,No
C1454,43,Male,53.57,3,False,331,Yes
C1455,58,Male,81.46,12,True,340,No
C1456,62,Female,17.82,7,True,108,No
C1457,43,Male,30.68,49,True,272,No
C1458,64,Female,58.54,26,True,167,No
C1459,49,Female,50.77,33,True,179,No
C1460,27,Male,58.22,37,False,57,No
C1461,33,Female,36.01,48,False,78,Yes
C1462,24,Male,73.25,15,True,60,No
C1463,34,Male,50.94,2,False,120,Yes
C1464,40,Female,63.94,41,False,206,Yes
C1465,43,Female,56.41,7,True,33,No
C1466,38,Male,53.51,32,True,69,No
C1467,39,Female,62.54,4,False,16,No
C1468,24,Female,53.73,20,True,19,No
C1469,31,Female,26.2,50,False,314,Yes
C1470,32,Male,71.75,53,False,68,Yes
C1471,24,Male,66.36,36,False,214,Yes
C1472,26,Female,7.86,32,True,160,No
C1473,25,Female,36.92,28,True,101,No
C1474,40,Female,70.85,13,True,205,No
C1475,46,Female,13.46,1,True,144,No
C1476,35,Female,68.87,56,True,56,No
C1477,48,Male,47.18,35,True,82,No
C1478,47,Female,76.81,48,True,268,No
C1479,56,Male,49.98,30,False,186,Yes
C1480,52,Female,35.56,54,True,5,No
C1481,35,Male,56.16,36,True,352,No
C1482,59,Female,49.39,57,True,349,No
C1483,56,Male,33.78,55,True,109,No
C1484,34,Female,94.37,25,True,137,No
C1485,31,Male,30.58,16,False,50,No
C1486,48,Male,5.14,58,True,50,No
C1487,41,Male,81.63,19,False,86,Yes
C1488,52,Male,38.33,1,True,67,No
C1489,61,Male,44.06,5,False,83,Yes
C1490,62,Male,42.84,51,False,41,No
C1491,51,Female,38.61,22,False,218,Yes
C1492,20,Male,34.68,24,False,56,No
C1493,54,Female,30.06,43,False,225,Yes
C1494,60,Female,51.3,45,False,195,Yes
C1495,57,Female,41.96,52,True,247,No
C1496,43,Female,64.61,37,True,165,No
C1497,40,Female,59.65,53,True,61,No
C1498,61,Male,31.45,36,True,262,No
C1499,56,Male,52.17,36,True,111,No
C1500,32,Male,41.64,4,True,252,No
C1501,21,Female,30.17,36,False,198,Yes
C1502,46,Male,63.79,52,False,177,Yes
C1503,39,Male,47.57,53,True,25,No
C1504,42,Male,41.85,18,True,245,No
C1505,30,Male,32.89,50,False,18,No
C1506,35,Male,29.44,16,True,264,No
C1507,50,Female,89.78,41,False,316,Yes
C1508,33,Male,56.68,18,True,19,No
C1509,62,Female,28.18,22,True,105,No
C1510,59,Female,55.76,2,True,236,No
C1511,61,Female,71.24,21,False,305,Yes
C1512,19,Female,53.35,36,True,245,No
C1513,52,Female,77.48,44,True,80,No
C1514,59,Male,19.14,39,True,149,No
C1515,51,Male,10.17,47,True,9,No
C1516,47,Male,55.21,39,False,320,Yes
C1517,30,Female,55.53,29,False,223,Yes
C1518,30,Male,-16.79,54,True,263,No
C1519,35,Male,37.53,26,True,148,No
C1520,49,Female,29.83,21,True,277,No
C1521,49,Female,22.16,17,False,273,Yes
C1522,52,Female,29.78,16,False,193,Yes
C1523,56,Female,61.92,31,True,171,No
C1524,63,Male,29.65,51,False,264,Yes
C1525,46,Female,30.34,9,True,309,No
C1526,46,Female,17.62,31,False,25,No
C1527,61,Male,75.38,14,False,349,Yes
C1528,33,Male,58.69,49,False,355,Yes
C1529,61,Female,0.15,37,False,25,No
C1530,64,Male,30.36,2,True,33,No
C1531,27,Female,60.57,52,False,263,Yes
C1532,47,Female,75.63,48,True,137,No
C1533,42,Male,66.82,46,True,303,No
C1534,56,Male,42.89,14,True,182,No
C1535,37,Female,11.37,59,False,362,Yes
C1536,22,Female,67.4,33,True,241,No
C1537,18,Female,44.06,35,True,53,No
C1538,47,Male,51.38,58,True,167,No
C1539,20,Female,46.45,39,True,118,No
C1540,62,Female,22.89,58,True,142,No
C1541,31,Female,57.29,47,False,80,Yes
C1542,47,Female,54.53,51,False,244,Yes
C1543,21,Female,41.48,20,True,351,No
C1544,35,Male,59.42,2,False,357,Yes
C1545,54,Female,22.52,51,False,61,Yes
C1546,42,Female,44.62,41,True,45,No
C1547,18,Female,50.52,19,False,86,Yes
C1548,63,Female,15.3,59,False,98,Yes
C1549,32,Male,48.86,37,True,294,No
C1550,26,Male,64.67,18,True,52,No
C1551,32,Male,43.94,16,False,191,Yes
C1552,41,Female,49.32,4,True,79,No
C1553,21,Female,61.25,12,True,15,No
C1554,29,Male,42.24,29,True,359,No
C1555,54,Male,44.04,7,True,325,No
C1556,54,Male,26.47,14,False,193,Yes
C1557,60,Female,49.7,55,True,140,No
C1558,23,Female,43.3,12,True,107,No
C1559,56,Male,59.98,35,True,302,No
C1560,63,Male,61.27,5,True,264,No
C1561,41,Male,65.82,17,True,289,No
C1562,28,Female,39.83,58,True,208,No
C1563,30,Female,6.47,42,False,164,Yes
C1564,51,Female,64.83,32,True,341,No
C1565,42,Male,58.62,10,True,319,No
C1566,24,Male,37.29,43,True,151,No
C1567,21,Female,61.1,17,True,289,No
C1568,25,Male,21.03,5,True,267,No
C1569,37,Female,70.6,45,True,150,No
C1570,46,Male,43.33,42,False,206,Yes
C1571,62,Male,33.42,9,True,254,No
C1572,63,Male,37.57,49,False,352,Yes
C1573,27,Male,45.37,33,True,140,No
C1574,60,Female,49.76,36,False,342,Yes
C1575,51,Male,50.97,36,True,357,No
C1576,43,Female,41.41,18,False,95,Yes
C1577,58,Female,54.0,9,True,226,No
C1578,20,Female,50.17,57,True,192,No
C1579,23,Male,37.05,29,True,302,No
C1580,22,Female,34.04,50,False,313,Yes
C1581,22,Female,62.17,14,True,117,No
C1582,64,Female,60.49,25,True,4,No
C1583,40,Male,51.14,15,False,351,Yes
C1584,26,Male,68.48,6,True,242,No
C1585,52,Female,10.77,56,False,20,No
C1586,37,Male,38.71,42,True,151,No
C1587,59,Female,26.87,29,False,127,Yes
C1588,52,Female,95.13,15,True,123,No
C1589,35,Male,64.26,29,True,145,No
C1590,34,Female,48.42,4,True,276,No
C1591,41,Male,65.7,18,False,309,Yes
C1592,20,Male,72.33,50,True,151,No
C1593,49,Female,72.11,57,True,359,No
C1594,52,Male,68.43,49,False,110,Yes
C1595,55,Male,44.75,44,True,115,No
C1596,30,Female,39.97,39,False,187,Yes
C1597,64,Female,30.76,16,False,56,No
C1598,42,Male,60.05,11,False,250,Yes
C1599,26,Male,46.82,14,False,149,Yes
C1600,21,Female,41.63,3,True,161,No
C1601,31,Male,40.59,51,True,119,No
C1602,54,Male,79.0,50,False,69,Yes
C1603,51,Male,69.05,42,True,350,No
C1604,28,Male,86.61,38,True,98,No
C1605,58,Male,60.58,45,False,166,Yes
C1606,20,Male,51.14,42,True,297,No
C1607,45,Male,49.49,18,False,150,Yes
C1608,46,Female,29.59,58,False,325,Yes
C1609,26,Female,24.77,20,False,1,No
C1610,20,Female,60.15,58,False,151,Yes
C1611,42,Female,31.31,48,False,364,Yes
C1612,51,Female,54.23,25,False,64,Yes
C1613,29,Male,72.31,57,True,325,No
C1614,59,Male,36.69,38,True,68,No
C1615,26,Male,90.21,13,False,120,Yes
C1616,32,Male,30.19,4,False,108,Yes
C1617,57,Female,69.8,55,True,315,No
C1618,42,Male,58.5,14,True,246,No
C1619,22,Male,73.88,33,True,92,No
C1620,28,Female,27.68,28,True,267,No
C1621,51,Male,96.14,52,False,102,Yes
C1622,41,Male,46.42,37,False,111,Yes
C1623,32,Female,63.53,8,True,320,No
C1624,55,Male,78.89,44,True,303,No
C1625,25,Male,37.91,34,True,343,No
C1626,22,Male,66.51,44,False,61,Yes
C1627,43,Male,34.57,5,True,299,No
C1628,35,Male,77.94,54,True,135,No
C1629,23,Female,34.8,5,True,54,No
C1630,54,Female,50.77,31,True,107,No
C1631,30,Female,56.12,45,True,302,No
C1632,45,Female,65.69,9,True,257,No
C1633,22,Female,89.37,42,True,252,No
C1634,30,Female,40.96,32,True,221,No
C1635,34,Male,72.77,33,True,166,No
C1636,57,Female,89.41,3,False,159,Yes
C1637,62,Female,53.31,30,False,165,Yes
C1638,49,Male,39.0,50,False,204,Yes
C1639,46,Male,15.4,12,False,266,Yes
C1640,20,Female,87.67,29,True,137,No
C1641,57,Male,45.11,3,True,345,No
C1642,51,Female,29.97,26,True,247,No
C1643,57,Male,22.83,57,False,54,No
C1644,44,Female,29.94,30,False,208,Yes
C1645,30,Male,68.39,9,True,16,No
C1646,62,Male,71.16,26,True,67,No
C1647,50,Female,63.04,2,True,132,No
C1648,23,Female,52.65,3,False,187,Yes
C1649,41,Female,25.09,46,True,307,No
C1650,36,Female,35.4,4,True,137,No
C1651,33,Female,27.87,25,True,173,No
C1652,57,Male,61.46,51,True,96,No
C1653,45,Female,28.73,13,False,170,Yes
C1654,50,Female,35.72,39,True,153,No
C1655,58,Male,46.33,44,False,182,Yes
C1656,30,Male,16.6,35,True,241,No
C1657,60,Female,50.94,55,False,303,Yes
C1658,62,Male,47.86,23,False,284,Yes
C1659,42,Male,73.68,9,True,26,No
C1660,59,Female,33.6,2,True,359,No
C1661,53,Male,24.02,54,False,59,No
C1662,44,Male,42.52,41,True,201,No
C1663,55,Female,28.04,44,False,249,Yes
C1664,24,Female,50.78,31,False,361,Yes
C1665,22,Male,12.8,44,False,68,Yes
C1666,60,Male,37.89,47,True,20,No
C1667,62,Female,31.43,2,True,151,No
C1668,48,Male,61.36,32,True,101,No
C1669,40,Male,33.79,18,True,94,No
C1670,59,Male,15.28,13,False,360,Yes
C1671,27,Female,45.96,46,False,228,Yes
C1672,49,Male,56.4,5,True,124,No
C1673,60,Male,44.58,58,False,257,Yes
C1674,47,Female,37.77,42,True,321,No
C1675,56,Male,36.57,44,True,235,No
C1676,48,Male,52.26,10,False,161,Yes
C1677,35,Female,32.21,56,False,41,No
C1678,53,Female,43.43,43,True,275,No
C1679,19,Female,65.01,25,False,352,Yes
C1680,31,Female,23.97,34,True,67,No
C1681,30,Male,49.13,37,True,172,No
C1682,46,Male,14.22,30,True,330,No
C1683,29,Female,54.56,7,False,124,Yes
C1684,56,Female,30.42,6,True,169,No
C1685,19,Male,70.39,54,True,46,No
C1686,49,Female,20.46,55,True,260,No
C1687,30,Male,58.84,3,False,216,Yes
C1688,63,Female,74.42,13,True,304,No
C1689,44,Male,29.39,3,True,123,No
C1690,58,Female,32.76,26,True,292,No
C1691,34,Female,31.12,57,True,161,No
C1692,57,Male,40.28,24,False,200,Yes
C1693,48,Female,60.35,53,True,274,No
C1694,51,Male,38.65,6,False,205,Yes
C1695,41,Male,27.58,43,True,39,No
C1696,62,Male,9.62,58,False,272,Yes
C1697,52,Male,82.04,49,True,187,No
C1698,23,Male,83.61,42,True,354,No
C1699,36,Female,61.2,12,True,92,No
C1700,47,Female,33.79,49,False,41,No
C1701,24,Male,64.95,36,False,106,Yes
C1702,27,Female,68.97,2,True,327,No
C1703,58,Male,44.92,11,False,64,Yes
C1704,49,Female,50.83,39,True,364,No
C1705,51,Female,74.64,34,True,308,No
C1706,45,Female,17.19,26,True,134,No
C1707,32,Female,69.97,18,True,23,No
C1708,47,Male,43.82,21,False,27,No
C1709,54,Male,27.75,36,True,61,No
C1710,46,Female,29.39,40,True,272,No
C1711,39,Female,32.71,52,True,228,No
C1712,21,Male,25.8,46,True,19,No
C1713,37,Female,85.43,44,True,2,No
C1714,49,Male,59.82,22,True,217,No
C1715,53,Male,71.29,53,True,306,No
C1716,21,Male,61.25,59,True,135,No
C1717,44,Female,51.22,30,True,2,No
C1718,34,Male,51.5,50,True,192,No
C1719,29,Female,42.05,43,True,72,No
C1720,39,Male,43.68,30,True,360,No
C1721,34,Female,21.84,8,True,117,No
C1722,27,Female,71.64,34,True,153,No
C1723,18,Female,13.74,57,True,208,No
C1724,39,Male,28.83,47,True,33,No
C1725,43,Male,90.24,9,True,136,No
C1726,35,Female,52.72,51,True,317,No
C1727,31,Female,53.55,20,True,119,No
C1728,64,Female,62.75,40,False,114,Yes
C1729,46,Male,19.19,25,True,12,No
C1730,29,Male,22.12,19,True,68,No
C1731,53,Male,41.1,5,False,332,Yes
C1732,52,Male,31.93,11,True,256,No
C1733,29,Female,48.5,15,False,88,Yes
C1734,24,Female,59.71,8,True,46,No
C1735,46,Male,77.78,19,False,259,Yes
C1736,28,Male,66.22,23,True,227,No
C1737,50,Female,30.11,27,True,179,No
C1738,23,Male,42.5,40,False,9,No
C1739,64,Male,37.06,32,True,283,No
C1740,32,Male,29.67,26,True,125,No
C1741,49,Male,25.12,27,False,133,Yes
C1742,28,Male,83.29,19,True,154,No
C1743,40,Male,50.21,50,True,247,No
C1744,43,Female,45.52,42,True,139,No
C1745,51,Male,59.69,29,True,317,No
C1746,63,Male,60.67,39,False,175,Yes
C1747,51,Female,72.38,41,False,322,Yes
C1748,46,Female,35.13,33,True,173,No
C1749,21,Female,58.05,19,True,73,No
C1750,34,Male,31.78,37,True,350,No
C1751,52,Female,46.2,19,True,142,No
C1752,30,Male,51.13,33,False,291,Yes
C1753,58,Male,53.09,47,True,111,No
C1754,56,Male,52.21,16,True,205,No
C1755,32,Female,66.04,23,False,130,Yes
C1756,46,Female,38.06,7,False,109,Yes
C1757,46,Female,53.63,26,True,66,No
C1758,28,Female,34.82,32,True,85,No
C1759,49,Female,108.42,12,True,274,No
C1760,19,Male,31.74,8,False,226,Yes
C1761,64,Male,35.99,5,True,324,No
C1762,31,Male,67.65,42,True,9,No
C1763,37,Male,41.41,28,True,354,No
C1764,39,Female,67.66,53,True,287,No
C1765,28,Female,53.06,5,True,111,No
C1766,44,Male,41.94,49,False,23,No
C1767,20,Female,34.94,26,False,290,Yes
C1768,34,Female,34.22,5,False,338,Yes
C1769,61,Male,42.15,22,True,325,No
C1770,45,Male,46.51,15,False,167,Yes
C1771,46,Female,33.36,13,False,108,Yes
C1772,38,Female,47.82,28,True,189,No
C1773,64,Male,28.12,33,True,354,No
C1774,33,Male,65.12,43,True,195,No
C1775,54,Male,68.95,23,False,32,No
C1776,37,Female,35.91,33,True,204,No
C1777,23,Male,34.8,43,False,311,Yes
C1778,36,Male,53.56,18,True,181,No
C1779,22,Female,75.31,50,False,146,Yes
C1780,20,Female,79.73,53,True,267,No
C1781,18,Female,21.95,30,False,10,No
C1782,55,Female,70.13,26,True,69,No
C1783,32,Female,48.77,16,False,255,Yes
C1784,51,Male,49.16,13,True,218,No
C1785,52,Male,60.09,39,True,296,No
C1786,42,Female,40.38,33,True,361,No
C1787,41,Female,71.93,26,True,258,No
C1788,29,Female,78.48,48,True,2,No
C1789,35,Female,79.23,1,True,83,No
C1790,32,Female,13.12,49,False,155,Yes
C1791,61,Male,45.41,38,True,150,No
C1792,33,Male,11.3,2,True,175,No
C1793,44,Male,34.69,49,True,194,No
C1794,25,Male,2.05,6,True,106,No
C1795,63,Female,59.01,46,False,133,Yes
C1796,42,Male,54.39,50,True,275,No
C1797,34,Female,41.35,38,False,351,Yes
C1798,46,Female,34.18,42,True,154,No
C1799,25,Female,56.28,24,True,276,No
C1800,32,Male,29.77,18,False,235,Yes
C1801,44,Female,28.41,27,True,239,No
C1802,63,Male,25.95,41,True,12,No
C1803,24,Male,45.92,8,True,341,No
C1804,20,Female,38.35,28,False,34,No
C1805,46,Female,42.32,10,True,46,No
C1806,61,Female,60.44,17,True,213,No
C1807,41,Male,69.27,55,True,145,No
C1808,20,Female,79.01,29,True,158,No
C1809,37,Male,51.2,58,False,124,Yes
C1810,63,Female,56.95,6,True,109,No
C1811,32,Female,53.78,14,True,36,No
C1812,42,Male,16.52,22,False,276,Yes
C1813,47,Male,42.61,54,True,13,No
C1814,31,Male,42.7,6,True,346,No
C1815,24,Male,39.78,26,True,231,No
C1816,34,Male,49.18,39,True,315,No
C1817,61,Male,45.61,12,True,123,No
C1818,37,Female,30.27,35,True,278,No
C1819,53,Female,46.98,14,True,110,No
C1820,26,Male,37.22,22,True,123,No
C1821,55,Female,-2.38,51,True,29,No
C1822,39,Male,22.06,23,True,114,No
C1823,19,Female,51.78,48,True,89,No
C1824,41,Female,71.84,7,False,211,Yes
C1825,25,Male,1.46,40,True,37,No
C1826,28,Male,32.59,50,False,82,Yes
C1827,30,Male,58.63,25,True,26,No
C1828,34,Female,67.56,13,False,216,Yes
C1829,25,Male,41.6,21,False,359,Yes
C1830,38,Female,36.34,41,True,214,No
C1831,35,Male,74.39,10,True,220,No
C1832,47,Female,65.92,53,True,14,No
C1833,35,Female,67.17,55,True,258,No
C1834,63,Male,40.64,59,True,265,No
C1835,64,Female,72.27,9,False,119,Yes
C1836,48,Female,11.1,15,True,127,No
C1837,55,Male,72.62,52,True,210,No
C1838,49,Female,48.67,2,True,10,No
C1839,28,Male,52.58,25,True,175,No
C1840,62,Male,31.09,13,False,132,Yes
C1841,42,Male,13.72,34,False,324,Yes
C1842,50,Male,52.15,51,True,319,No
C1843,55,Female,61.03,58,True,13,No
C1844,58,Female,64.05,34,True,49,No
C1845,25,Female,61.9,35,False,71,Yes
C1846,28,Male,57.36,38,True,68,No
C1847,39,Female,31.52,3,True,15,No
C1848,41,Female,65.35,42,False,333,Yes
C1849,58,Male,29.29,56,True,356,No
C1850,34,Male,72.14,59,False,55,No
C1851,29,Female,48.32,6,True,104,No
C1852,63,Male,48.99,55,False,131,Yes
C1853,49,Male,67.32,48,True,47,No
C1854,32,Male,70.03,49,True,247,No
C1855,33,Male,65.41,19,True,272,No
C1856,39,Female,33.59,3,False,110,Yes
C1857,45,Male,65.25,18,True,325,No
C1858,37,Male,33.7,39,True,335,No
C1859,50,Male,65.76,9,True,348,No
C1860,27,Male,21.5,52,True,37,No
C1861,57,Male,48.13,12,True,356,No
C1862,49,Male,33.58,5,False,239,Yes
C1863,50,Male,67.4,3,True,317,No
C1864,19,Male,72.3,11,True,120,No
C1865,50,Female,53.98,57,True,47,No
C1866,50,Male,53.32,30,True,9,No
C1867,58,Female,64.08,4,True,232,No
C1868,30,Male,72.42,5,True,35,No
C1869,47,Male,50.75,1,True,3,No
C1870,50,Male,40.01,27,True,43,No
C1871,30,Male,62.95,28,False,55,No
C1872,43,Female,12.83,29,True,41,No
C1873,39,Male,68.19,18,True,254,No
C1874,56,Male,35.8,12,False,227,Yes
C1875,19,Female,45.2,13,False,113,Yes
C1876,55,Female,68.32,41,True,236,No
C1877,56,Male,41.69,2,True,173,No
C1878,43,Female,62.95,37,False,254,Yes
C1879,63,Female,72.78,45,True,276,No
C1880,32,Female,52.2,16,True,334,No
C1881,51,Male,56.23,48,True,68,No
C1882,59,Male,47.61,24,True,325,No
C1883,61,Male,52.31,35,True,229,No
C1884,57,Female,27.67,22,False,66,Yes
C1885,28,Male,44.13,36,True,303,No
C1886,20,Female,24.24,11,True,35,No
C1887,23,Male,32.02,55,True,158,No
C1888,26,Male,9.94,58,True,148,No
C1889,23,Female,55.28,46,False,26,No
C1890,26,Male,83.83,29,True,71,No
C1891,56,Female,40.88,35,False,247,Yes
C1892,48,Female,69.3,48,True,100,No
C1893,49,Male,72.51,54,True,189,No
C1894,58,Female,26.02,15,False,95,Yes
C1895,29,Male,30.32,31,True,281,No
C1896,25,Male,69.82,42,True,321,No
C1897,25,Female,48.15,41,False,277,Yes
C1898,45,Male,24.18,43,True,16,No
C1899,37,Female,37.26,16,False,262,Yes
C1900,64,Male,58.39,10,False,106,Yes
C1901,24,Male,34.12,49,True,67,No
C1902,28,Male,-5.49,32,True,127,No
C1903,37,Male,43.56,51,True,292,No
C1904,33,Male,45.18,2,True,293,No
C1905,21,Female,50.18,24,False,95,Yes
C1906,23,Female,75.18,23,False,0,No
C1907,39,Female,51.07,2,True,297,No
C1908,43,Female,54.86,38,True,179,No
C1909,20,Female,71.11,31,True,180,No
C1910,58,Female,50.21,51,True,234,No
C1911,59,Male,92.73,40,False,318,Yes
C1912,31,Male,24.73,26,True,336,No
C1913,28,Female,31.32,29,False,7,No
C1914,35,Female,62.28,3,True,26,No
C1915,29,Male,75.09,58,False,307,Yes
C1916,40,Male,45.98,14,True,145,No
C1917,29,Male,29.79,25,True,90,No
C1918,30,Female,85.22,48,True,341,No
C1919,42,Female,34.15,1,False,271,Yes
C1920,62,Female,56.78,53,True,321,No
C1921,36,Male,76.28,3,True,4,No
C1922,63,Male,41.17,54,True,81,No
C1923,53,Female,37.56,26,True,218,No
C1924,62,Female,38.93,18,True,117,No
C1925,25,Male,68.03,9,False,80,Yes
C1926,46,Male,71.2,38,True,69,No
C1927,49,Male,50.67,23,True,114,No
C1928,61,Male,87.66,21,True,262,No
C1929,35,Female,50.64,57,True,305,No
C1930,23,Male,75.85,1,True,141,No
C1931,35,Male,41.36,21,True,206,No
C1932,36,Male,96.68,27,True,110,No
C1933,39,Female,81.4,42,True,302,No
C1934,54,Female,47.44,59,False,111,Yes
C1935,49,Male,78.69,6,True,42,No
C1936,58,Male,77.68,55,False,346,Yes
C1937,20,Male,81.06,44,True,284,No
C1938,45,Female,0.36,36,True,127,No
C1939,27,Female,64.39,28,True,184,No
C1940,52,Female,60.85,45,True,228,No
C1941,46,Male,59.42,17,False,220,Yes
C1942,32,Female,54.37,59,False,351,Yes
C1943,50,Male,54.96,40,True,116,No
C1944,24,Male,75.66,58,True,69,No
C1945,29,Male,60.79,52,True,69,No
C1946,47,Female,54.34,3,True,109,No
C1947,38,Male,72.79,12,True,131,No
C1948,48,Female,58.36,39,False,55,No
C1949,41,Female,60.27,12,False,88,Yes
C1950,37,Male,87.34,2,False,136,Yes
C1951,54,Male,41.31,56,False,130,Yes
C1952,21,Female,19.69,46,True,217,No
C1953,45,Male,51.45,22,True,175,No
C1954,61,Female,54.29,23,True,170,No
C1955,37,Male,64.43,30,True,99,No
C1956,41,Female,52.15,5,True,128,No
C1957,49,Female,65.1,9,False,56,No
C1958,58,Female,100.09,21,False,180,Yes
C1959,53,Female,66.03,11,False,245,Yes
C1960,51,Male,69.55,5,False,143,Yes
C1961,53,Male,47.41,35,False,50,No
C1962,19,Female,22.29,27,True,217,No
C1963,32,Female,4.04,49,False,103,Yes
C1964,51,Male,39.63,2,True,54,No
C1965,53,Male,-1.61,24,True,256,No
C1966,23,Male,60.27,31,False,345,Yes
C1967,56,Male,42.34,33,False,155,Yes
C1968,59,Male,23.73,39,True,52,No
C1969,29,Male,52.62,30,True,328,No
C1970,20,Female,35.23,46,True,186,No
C1971,62,Male,59.02,37,True,363,No
C1972,35,Male,64.15,51,False,149,Yes
C1973,57,Female,35.96,28,True,263,No
C1974,38,Male,45.25,31,True,249,No
C1975,32,Male,54.3,11,True,297,No
C1976,50,Male,21.86,23,True,210,No
C1977,52,Male,54.3,57,True,24,No
C1978,43,Male,21.38,2,False,293,Yes
C1979,25,Female,61.31,40,True,340,No
C1980,53,Male,41.3,41,True,151,No
C1981,47,Female,21.27,27,True,23,No
C1982,40,Female,38.4,35,True,251,No
C1983,59,Male,39.25,2,False,59,No
C1984,61,Female,71.37,39,True,65,No
C1985,31,Male,53.47,37,False,52,No
C1986,31,Female,30.87,21,True,105,No
C1987,19,Female,82.98,58,True,95,No
C1988,54,Male,62.53,5,True,175,No
C1989,22,Male,43.27,52,True,38,No
C1990,55,Male,18.92,45,False,167,Yes
C1991,62,Male,41.51,21,True,41,No
C1992,58,Male,45.59,29,True,103,No
C1993,64,Female,57.38,20,True,332,No
C1994,31,Female,62.15,38,True,203,No
C1995,56,Female,66.13,20,False,7,No
C1996,42,Female,17.77,50,True,281,No
C1997,37,Female,54.17,25,True,42,No
C1998,19,Female,46.81,2,False,109,Yes
C1999,56,Female,103.56,57,True,209,No
C2000,23,Male,51.29,32,True,236,No
